cs-api-server-1  | {"time":"2026-10-01T09:40:52.100690339Z","level":"INFO","msg":"Connecting to NATS","urls":"nats://nats:4222"}
cs-api-server-1  | {"time":"2026-10-01T09:40:52.101800506Z","level":"INFO","msg":"Successfully connected to NATS","urls":"nats://nats:4222"}
cs-api-server-1  | {"time":"2026-10-01T09:40:52.101814756Z","level":"INFO","msg":"connected to NATS","url":"nats://nats:4222"}
cs-api-server-1  | {"time":"2026-10-01T09:40:52.101826256Z","level":"INFO","msg":"initialized","component":"cs-api"}
cs-api-server-1       | {"time":"2026-10-01T09:40:52.103682256Z","level":"INFO","msg":"validated cs-api projection contracts","component":"cs-api","count":11}
cs-api-server-1       | {"time":"2026-10-01T09:40:52.106133964Z","level":"INFO","msg":"started","component":"cs-api","standalone":true}
cs-api-server-1       | {"time":"2026-10-01T09:40:52.106152631Z","level":"INFO","msg":"HTTP server listening","component":"cs-api","bind":"[::]:8080"}
cs-api-server-1       | {"time":"2026-10-01T09:40:54.38591084Z","level":"INFO","msg":"graph mutation audit","component":"cs-api","request_id":"ead86be1-b797-4aff-a25b-39b11bdfa37c","trace_id":"c381960be7f83cf6d547e8e40495fcad","operation":"ingestTriples","entity_id":"c360.semconnect.systems.csapi.system.weather-station-01","commit_state":"verified","kv_revision":1,"identity_subject":"","identity_verified":false,"forwarded_user":"","forwarded_email":"","classified_error":""}
nats-1                | [1] 2026/10/01 09:40:41.454024 [INF] Starting nats-server
nats-1                | [1] 2026/10/01 09:40:41.454086 [INF]   Version:  2.14.4
nats-1                | [1] 2026/10/01 09:40:41.454088 [INF]   Git:      [bbd6dc5]
cs-api-server-1       | {"time":"2026-10-01T09:40:54.621120632Z","level":"INFO","msg":"graph mutation audit","component":"cs-api","request_id":"3dfde240-4f70-4254-9a0e-e7c9d55ec1a5","trace_id":"4a682c789b298f0241a9d249f328ddee","operation":"ingestTriples","entity_id":"c360.semconnect.systems.csapi.system.01","commit_state":"verified","kv_revision":2,"identity_subject":"","identity_verified":false,"forwarded_user":"","forwarded_email":"","classified_error":""}
cs-api-server-1       | {"time":"2026-10-01T09:40:54.846980757Z","level":"INFO","msg":"graph mutation audit","component":"cs-api","request_id":"1ae225bb-1f37-4973-a377-59de8c2c5906","trace_id":"3df63e4f7555ce22a9c4dd6c18ba9ffe","operation":"ingestTriples","entity_id":"c360.semconnect.systems.csapi.system.hosted-platform-bake-01","commit_state":"verified","kv_revision":3,"identity_subject":"","identity_verified":false,"forwarded_user":"","forwarded_email":"","classified_error":""}
cs-api-server-1       | {"time":"2026-10-01T09:40:55.086566757Z","level":"INFO","msg":"graph mutation audit","component":"cs-api","request_id":"56d914d1-8e3b-4a93-9f38-49e9687dae71","trace_id":"921449fc55cdd96568f897aabc4306d8","operation":"createSchemaArtifact","entity_id":"c360.semconnect.systems.csapi.schema.sha256-f11974ada89c6fc6b1de03454ab821aa2afacf11b9140d3c028e02869be10e27","commit_state":"verified","kv_revision":4,"identity_subject":"","identity_verified":false,"forwarded_user":"","forwarded_email":"","classified_error":""}
cs-api-server-1       | {"time":"2026-10-01T09:40:55.088063799Z","level":"INFO","msg":"graph mutation audit","component":"cs-api","request_id":"8edb9851-215a-4955-9179-63aff0669188","trace_id":"2f7fdbfef06e336c22bf128acfadb041","operation":"ingestTriples","entity_id":"c360.semconnect.systems.csapi.datastream.weather-temperature-01","commit_state":"verified","kv_revision":5,"identity_subject":"","identity_verified":false,"forwarded_user":"","forwarded_email":"","classified_error":""}
cs-api-server-1       | {"time":"2026-10-01T09:40:56.503771133Z","level":"INFO","msg":"observations read","component":"cs-api","datastream":"c360.semconnect.systems.csapi.datastream.weather-temperature-01","limit":100,"after":0,"returned":1,"last_seq":1,"forwarded_user":"","forwarded_email":""}
cs-api-server-1       | {"time":"2026-10-01T09:40:56.772913675Z","level":"INFO","msg":"graph mutation audit","component":"cs-api","request_id":"485fccb6-aad9-43ac-9cb0-ee3834c76528","trace_id":"3ecb61f8391449afc7ee222256feef08","operation":"ingestTriples","entity_id":"c360.semconnect.systems.csapi.procedure.01","commit_state":"verified","kv_revision":6,"identity_subject":"","identity_verified":false,"forwarded_user":"","forwarded_email":"","classified_error":""}
cs-api-server-1       | {"time":"2026-10-01T09:40:57.002495966Z","level":"INFO","msg":"graph mutation audit","component":"cs-api","request_id":"382a9d3a-5e8e-41cc-9959-c405a7000532","trace_id":"a2783fa0c9503a178ccdc17e2ef5c9ef","operation":"ingestTriples","entity_id":"c360.semconnect.systems.csapi.deployment.01","commit_state":"verified","kv_revision":7,"identity_subject":"","identity_verified":false,"forwarded_user":"","forwarded_email":"","classified_error":""}
cs-api-server-1       | {"time":"2026-10-01T09:40:57.229548716Z","level":"INFO","msg":"graph mutation audit","component":"cs-api","request_id":"9a898d43-5068-4412-a072-3fc645f0c540","trace_id":"9591758c54eac20f2ba1c9a229b8dd3a","operation":"ingestTriples","entity_id":"c360.semconnect.systems.csapi.deployment.child01","commit_state":"verified","kv_revision":8,"identity_subject":"","identity_verified":false,"forwarded_user":"","forwarded_email":"","classified_error":""}
cs-api-server-1       | {"time":"2026-10-01T09:40:57.743375717Z","level":"INFO","msg":"graph mutation audit","component":"cs-api","request_id":"8884d644-bade-49df-ba10-cdca7c7776ae","trace_id":"109a7f2f75d62dc69066014d49fe9a21","operation":"ingestTriples","entity_id":"c360.semconnect.systems.csapi.samplingfeature.01","commit_state":"verified","kv_revision":9,"identity_subject":"","identity_verified":false,"forwarded_user":"","forwarded_email":"","classified_error":""}
cs-api-server-1       | {"time":"2026-10-01T09:40:57.949998842Z","level":"INFO","msg":"graph mutation audit","component":"cs-api","request_id":"22bf2ca7-bcb2-45c1-b96f-8e48fbced0f6","trace_id":"967274c1bc080ee06419ec122202d8a3","operation":"ingestTriples","entity_id":"c360.semconnect.systems.csapi.property.air-temperature","commit_state":"verified","kv_revision":10,"identity_subject":"","identity_verified":false,"forwarded_user":"","forwarded_email":"","classified_error":""}
cs-api-server-1       | {"time":"2026-10-01T09:40:58.279015634Z","level":"INFO","msg":"graph mutation audit","component":"cs-api","request_id":"d70a4ed9-4e67-4b40-9a06-5652d396db2f","trace_id":"935b3d700eda3c492f33d081a953daba","operation":"createSchemaArtifact","entity_id":"c360.semconnect.systems.csapi.schema.sha256-24a3ed00c839a1dd700d8faf90ee05838035b2f2c7c2e5e44a24852a460b4057","commit_state":"verified","kv_revision":11,"identity_subject":"","identity_verified":false,"forwarded_user":"","forwarded_email":"","classified_error":""}
cs-api-server-1       | {"time":"2026-10-01T09:40:58.280614342Z","level":"INFO","msg":"graph mutation audit","component":"cs-api","request_id":"489cdcb1-d1cb-44e2-b91c-4682813e8e84","trace_id":"d8e26b7c40584013032103283d6ef450","operation":"ingestTriples","entity_id":"c360.semconnect.systems.csapi.controlstream.ptz-01","commit_state":"verified","kv_revision":12,"identity_subject":"","identity_verified":false,"forwarded_user":"","forwarded_email":"","classified_error":""}
nats-1                | [1] 2026/10/01 09:40:41.454090 [INF]   Name:     NDHPDL65SI5SEVNE7VGEVXI55EW6WTTYGDIIZDSGIUV4QNNDFDZ74OXQ
nats-1                | [1] 2026/10/01 09:40:41.454094 [INF]   Node:     GzCa5uaW
nats-1                | [1] 2026/10/01 09:40:41.454095 [INF]   ID:       NDHPDL65SI5SEVNE7VGEVXI55EW6WTTYGDIIZDSGIUV4QNNDFDZ74OXQ
nats-1                | [1] 2026/10/01 09:40:41.454101 [INF] Using configuration file: /etc/nats/nats.conf (sha256:10876a340fdaaba3d0d74ed1f61b6265db4979694fc64244665d8928741883c7)
nats-1                | [1] 2026/10/01 09:40:41.458459 [INF] Starting http monitor on 0.0.0.0:8222
nats-1                | [1] 2026/10/01 09:40:41.458586 [INF] Starting JetStream
nats-1                | [1] 2026/10/01 09:40:41.458704 [INF]     _ ___ _____ ___ _____ ___ ___   _   __  __
nats-1                | [1] 2026/10/01 09:40:41.458708 [INF]  _ | | __|_   _/ __|_   _| _ \ __| /_\ |  \/  |
cs-api-server-1       | {"time":"2026-10-01T09:40:58.750470301Z","level":"INFO","msg":"graph mutation audit","component":"cs-api","request_id":"33082fe2-b6da-4007-8893-011616b153af","trace_id":"5d33bdf2cd905080c43bea83b665627e","operation":"ingestTriples","entity_id":"c360.semconnect.systems.csapi.command.ets-ptz-001","commit_state":"verified","kv_revision":13,"identity_subject":"","identity_verified":false,"forwarded_user":"","forwarded_email":"","classified_error":""}
cs-api-server-1       | {"time":"2026-10-01T09:40:59.217301259Z","level":"INFO","msg":"graph mutation audit","component":"cs-api","request_id":"44f19430-93bf-466b-bd6a-0e220fcf2a92","trace_id":"9697237e2bacea9d52bcfb7f133dd183","operation":"ingestTriples","entity_id":"c360.semconnect.systems.csapi.feasibility.ets-ptz-001","commit_state":"verified","kv_revision":14,"identity_subject":"","identity_verified":false,"forwarded_user":"","forwarded_email":"","classified_error":""}
cs-api-server-1       | {"time":"2026-10-01T09:40:59.981369593Z","level":"INFO","msg":"graph mutation audit","component":"cs-api","request_id":"2086c7d2-add4-45c9-a105-4d51ac3230d2","trace_id":"dda205c27344793d4cdba34c452bdd11","operation":"ingestTriples","entity_id":"c360.semconnect.systems.csapi.systemevent.00Z","commit_state":"verified","kv_revision":15,"identity_subject":"","identity_verified":false,"forwarded_user":"","forwarded_email":"","classified_error":""}
cs-api-server-1       | {"time":"2026-10-01T09:41:12.753857376Z","level":"INFO","msg":"observations read","component":"cs-api","datastream":"c360.semconnect.systems.csapi.datastream.weather-temperature-01","limit":2,"after":0,"returned":1,"last_seq":1,"forwarded_user":"","forwarded_email":""}
cs-api-server-1       | {"time":"2026-10-01T09:41:12.764809126Z","level":"INFO","msg":"observations read","component":"cs-api","datastream":"c360.semconnect.systems.csapi.datastream.weather-temperature-01","limit":10,"after":0,"returned":1,"last_seq":1,"forwarded_user":"","forwarded_email":""}
cs-api-server-1       | {"time":"2026-10-01T09:41:13.388323085Z","level":"INFO","msg":"graph mutation audit","component":"cs-api","request_id":"deeb3969-917c-4875-88ec-525387b3746e","trace_id":"2a432c22a87a44ba53d0c965327bb20d","operation":"ingestTriples","entity_id":"c360.semconnect.systems.csapi.system.a7bd9f73-4e9a-4b8d-af4f-a1b66edf443c","commit_state":"verified","kv_revision":16,"identity_subject":"","identity_verified":false,"forwarded_user":"","forwarded_email":"","classified_error":""}
cs-api-server-1       | {"time":"2026-10-01T09:41:13.396951335Z","level":"INFO","msg":"graph mutation audit","component":"cs-api","request_id":"76490683-c5ab-4f1c-8b30-d7f049c8a121","trace_id":"ea35f909ce1ca0d745b4afd38d3db505","operation":"deleteEntity","entity_id":"c360.semconnect.systems.csapi.system.a7bd9f73-4e9a-4b8d-af4f-a1b66edf443c","commit_state":"verified","kv_revision":16,"identity_subject":"","identity_verified":false,"forwarded_user":"","forwarded_email":"","classified_error":""}
cs-api-server-1       | {"time":"2026-10-01T09:41:13.473643293Z","level":"INFO","msg":"graph mutation audit","component":"cs-api","request_id":"74d258e1-66db-4b45-9b50-a31e80b3b6cf","trace_id":"f40aa1e73aeafd9fd847a68f0e3819cf","operation":"ingestTriples","entity_id":"c360.semconnect.systems.csapi.system.4df2baa3-4639-43bf-acc7-cf30c937a752","commit_state":"verified","kv_revision":18,"identity_subject":"","identity_verified":false,"forwarded_user":"","forwarded_email":"","classified_error":""}
cs-api-server-1       | {"time":"2026-10-01T09:41:13.480629377Z","level":"INFO","msg":"graph mutation audit","component":"cs-api","request_id":"a96c0b4f-993e-45d3-860b-ed402afa2b5c","trace_id":"ed11163c16c78f7dc20183723da5c4c3","operation":"deleteEntity","entity_id":"c360.semconnect.systems.csapi.system.4df2baa3-4639-43bf-acc7-cf30c937a752","commit_state":"verified","kv_revision":18,"identity_subject":"","identity_verified":false,"forwarded_user":"","forwarded_email":"","classified_error":""}
cs-api-server-1       | {"time":"2026-10-01T09:41:13.536747918Z","level":"INFO","msg":"graph mutation audit","component":"cs-api","request_id":"e87fe570-e786-455c-8625-0e772481bf5c","trace_id":"2600bc784ff92c2bcb1824db63dd8deb","operation":"ingestTriples","entity_id":"c360.semconnect.systems.csapi.system.7d4f4557-6c9e-4fad-b48a-7ea21b311ecd","commit_state":"verified","kv_revision":20,"identity_subject":"","identity_verified":false,"forwarded_user":"","forwarded_email":"","classified_error":""}
cs-api-server-1       | {"time":"2026-10-01T09:41:13.541585585Z","level":"INFO","msg":"graph mutation audit","component":"cs-api","request_id":"94d69ed9-caab-4302-8846-42e62bd4d1c7","trace_id":"dd33d1c901c13c79de47ea3a4e7be3e1","operation":"replaceEntityTriples","entity_id":"c360.semconnect.systems.csapi.system.7d4f4557-6c9e-4fad-b48a-7ea21b311ecd","commit_state":"verified","kv_revision":21,"identity_subject":"","identity_verified":false,"forwarded_user":"","forwarded_email":"","classified_error":""}
teamengine-1          | NOTE: Picked up JDK_JAVA_OPTIONS:  --add-opens=java.base/java.lang=ALL-UNNAMED --add-opens=java.base/java.io=ALL-UNNAMED --add-opens=java.base/java.util=ALL-UNNAMED --add-opens=java.base/java.util.concurrent=ALL-UNNAMED --add-opens=java.rmi/sun.rmi.transport=ALL-UNNAMED
teamengine-1          | 01-Oct-2026 09:40:52.463 INFO [main] org.apache.catalina.startup.VersionLoggerListener.log Server version name:   Apache Tomcat/8.5.100
teamengine-1          | 01-Oct-2026 09:40:52.464 INFO [main] org.apache.catalina.startup.VersionLoggerListener.log Server built:          Mar 19 2024 13:54:42 UTC
teamengine-1          | 01-Oct-2026 09:40:52.465 INFO [main] org.apache.catalina.startup.VersionLoggerListener.log Server version number: 8.5.100.0
teamengine-1          | 01-Oct-2026 09:40:52.465 INFO [main] org.apache.catalina.startup.VersionLoggerListener.log OS Name:               Linux
teamengine-1          | 01-Oct-2026 09:40:52.465 INFO [main] org.apache.catalina.startup.VersionLoggerListener.log OS Version:            7.0.12-linuxkit
teamengine-1          | 01-Oct-2026 09:40:52.465 INFO [main] org.apache.catalina.startup.VersionLoggerListener.log Architecture:          aarch64
teamengine-1          | 01-Oct-2026 09:40:52.465 INFO [main] org.apache.catalina.startup.VersionLoggerListener.log Java Home:             /opt/java/openjdk
teamengine-1          | 01-Oct-2026 09:40:52.465 INFO [main] org.apache.catalina.startup.VersionLoggerListener.log JVM Version:           17.0.10+7
teamengine-1          | 01-Oct-2026 09:40:52.465 INFO [main] org.apache.catalina.startup.VersionLoggerListener.log JVM Vendor:            Eclipse Adoptium
teamengine-1          | 01-Oct-2026 09:40:52.465 INFO [main] org.apache.catalina.startup.VersionLoggerListener.log CATALINA_BASE:         /usr/local/tomcat
teamengine-1          | 01-Oct-2026 09:40:52.465 INFO [main] org.apache.catalina.startup.VersionLoggerListener.log CATALINA_HOME:         /usr/local/tomcat
semstreams-backend-1  | 
semstreams-backend-1  |  ____  _____ __  __ ____ _____ ____  _____    _    __  __ ____
semstreams-backend-1  | / ___|| ____|  \/  / ___|_   _|  _ \| ____|  / \  |  \/  / ___|
semstreams-backend-1  | \___ \|  _| | |\/| \___ \ | | | |_) |  _|   / _ \ | |\/| \___ \
semstreams-backend-1  |  ___) | |___| |  | |___) || | |  _ <| |___ / ___ \| |  | |___) |
semstreams-backend-1  | |____/|_____|_|  |_|____/ |_| |_| \_\_____/_/   \_\_|  |_|____/
semstreams-backend-1  | 
semstreams-backend-1  |           semantic stream processing framework
semstreams-backend-1  |   version dev
semstreams-backend-1  | 
semstreams-backend-1  | 2026/10/01 09:40:46 INFO Connecting to NATS urls=nats://nats:4222
semstreams-backend-1  | 2026/10/01 09:40:46 INFO Successfully connected to NATS urls=nats://nats:4222
semstreams-backend-1  | ⠋ Connecting to NATS...✓ Connecting to NATS...
semstreams-backend-1  | ⠋ Creating JetStream streams...✓ Creating JetStream streams...
semstreams-backend-1  | {"time":"2026-10-01T09:40:46.575671295Z","level":"INFO","msg":"SemStreams ready","service":"semstreams","version":"dev","pid":1,"version":"dev","git_commit":"unknown","build_time":"unknown"}
semstreams-backend-1  | {"time":"2026-10-01T09:40:46.575695211Z","level":"INFO","msg":"Platform identity configured","service":"semstreams","version":"dev","pid":1,"org":"c360","platform":"conformance-beta160-001","environment":"test"}
semstreams-backend-1  | {"time":"2026-10-01T09:40:46.577307545Z","level":"INFO","msg":"INFO Created new KV bucket bucket=semstreams_config","service":"semstreams","version":"dev","pid":1}
semstreams-backend-1  | {"time":"2026-10-01T09:40:46.578698128Z","level":"WARN","msg":"Failed to check KV config existence","service":"semstreams","version":"dev","pid":1,"error":"list KV keys: nats: no keys found"}
semstreams-backend-1  | {"time":"2026-10-01T09:40:46.578733336Z","level":"INFO","msg":"First boot detected, pushing config to KV","service":"semstreams","version":"dev","pid":1}
nats-1                | [1] 2026/10/01 09:40:41.458708 [INF] | || | _|  | | \__ \ | | |   / _| / _ \| |\/| |
nats-1                | [1] 2026/10/01 09:40:41.458709 [INF]  \__/|___| |_| |___/ |_| |_|_\___/_/ \_\_|  |_|
nats-1                | [1] 2026/10/01 09:40:41.458710 [INF] 
nats-1                | [1] 2026/10/01 09:40:41.458711 [INF]          https://docs.nats.io/jetstream
nats-1                | [1] 2026/10/01 09:40:41.458712 [INF] 
nats-1                | [1] 2026/10/01 09:40:41.458713 [INF] ---------------- JETSTREAM ----------------
nats-1                | [1] 2026/10/01 09:40:41.458715 [INF]   Strict:          true
cs-api-server-1       | {"time":"2026-10-01T09:41:13.544884627Z","level":"INFO","msg":"graph mutation audit","component":"cs-api","request_id":"f06f3ea0-5657-4e56-98ab-e0db3f5d0cc3","trace_id":"df4e4d4e88907375e972bdde614ce401","operation":"deleteEntity","entity_id":"c360.semconnect.systems.csapi.system.7d4f4557-6c9e-4fad-b48a-7ea21b311ecd","commit_state":"verified","kv_revision":21,"identity_subject":"","identity_verified":false,"forwarded_user":"","forwarded_email":"","classified_error":""}
cs-api-server-1       | {"time":"2026-10-01T09:41:13.712043043Z","level":"INFO","msg":"graph mutation audit","component":"cs-api","request_id":"ac22ef63-3080-4a8b-a8a0-0c4b9f7360e5","trace_id":"6eae63d403fbfa3eac591ea39031ebc9","operation":"ingestTriples","entity_id":"c360.semconnect.systems.csapi.system.b04709c9-a60c-49aa-a783-b2d303ba48b8","commit_state":"verified","kv_revision":23,"identity_subject":"","identity_verified":false,"forwarded_user":"","forwarded_email":"","classified_error":""}
cs-api-server-1       | {"time":"2026-10-01T09:41:13.717823752Z","level":"INFO","msg":"graph mutation audit","component":"cs-api","request_id":"76340b69-ce87-46ae-9e65-f0ad3427ced3","trace_id":"217abbd38da0c070f58ca034466aa2d1","operation":"replaceEntityTriples","entity_id":"c360.semconnect.systems.csapi.system.b04709c9-a60c-49aa-a783-b2d303ba48b8","commit_state":"verified","kv_revision":24,"identity_subject":"","identity_verified":false,"forwarded_user":"","forwarded_email":"","classified_error":""}
cs-api-server-1       | {"time":"2026-10-01T09:41:13.724411002Z","level":"INFO","msg":"graph mutation audit","component":"cs-api","request_id":"7e6d7ce6-2bd9-486f-b8d5-283f15af8fc4","trace_id":"d33bec9d6c4328a195c00eeb8f728ad8","operation":"deleteEntity","entity_id":"c360.semconnect.systems.csapi.system.b04709c9-a60c-49aa-a783-b2d303ba48b8","commit_state":"verified","kv_revision":24,"identity_subject":"","identity_verified":false,"forwarded_user":"","forwarded_email":"","classified_error":""}
cs-api-server-1       | {"time":"2026-10-01T09:41:14.520674085Z","level":"WARN","msg":"backend error","component":"cs-api","err":"cs-api: entity not found: not found: c360.semconnect.systems.csapi.system.hosted-platform-bake-01_thermometer-bake-01","status":404}
teamengine-1          | 01-Oct-2026 09:40:52.465 INFO [main] org.apache.catalina.startup.VersionLoggerListener.log Command line argument: --add-opens=java.base/java.lang=ALL-UNNAMED
teamengine-1          | 01-Oct-2026 09:40:52.465 INFO [main] org.apache.catalina.startup.VersionLoggerListener.log Command line argument: --add-opens=java.base/java.io=ALL-UNNAMED
teamengine-1          | 01-Oct-2026 09:40:52.465 INFO [main] org.apache.catalina.startup.VersionLoggerListener.log Command line argument: --add-opens=java.base/java.util=ALL-UNNAMED
teamengine-1          | 01-Oct-2026 09:40:52.466 INFO [main] org.apache.catalina.startup.VersionLoggerListener.log Command line argument: --add-opens=java.base/java.util.concurrent=ALL-UNNAMED
nats-1                | [1] 2026/10/01 09:40:41.458720 [INF]   Max Memory:      1.00 GB
nats-1                | [1] 2026/10/01 09:40:41.458722 [INF]   Max Storage:     10.00 GB
nats-1                | [1] 2026/10/01 09:40:41.458723 [INF]   Store Directory: "/data/jetstream"
nats-1                | [1] 2026/10/01 09:40:41.458724 [INF]   API Level:       4
nats-1                | [1] 2026/10/01 09:40:41.458725 [INF] -------------------------------------------
teamengine-1          | 01-Oct-2026 09:40:52.466 INFO [main] org.apache.catalina.startup.VersionLoggerListener.log Command line argument: --add-opens=java.rmi/sun.rmi.transport=ALL-UNNAMED
teamengine-1          | 01-Oct-2026 09:40:52.466 INFO [main] org.apache.catalina.startup.VersionLoggerListener.log Command line argument: -Djava.util.logging.config.file=/usr/local/tomcat/conf/logging.properties
teamengine-1          | 01-Oct-2026 09:40:52.466 INFO [main] org.apache.catalina.startup.VersionLoggerListener.log Command line argument: -Djava.util.logging.manager=org.apache.juli.ClassLoaderLogManager
teamengine-1          | 01-Oct-2026 09:40:52.466 INFO [main] org.apache.catalina.startup.VersionLoggerListener.log Command line argument: -Xms1024m
teamengine-1          | 01-Oct-2026 09:40:52.466 INFO [main] org.apache.catalina.startup.VersionLoggerListener.log Command line argument: -Xmx2048m
nats-1                | [1] 2026/10/01 09:40:41.458995 [INF] Took 397.375µs to start JetStream
nats-1                | [1] 2026/10/01 09:40:41.459036 [INF] Listening for client connections on 0.0.0.0:4222
nats-1                | [1] 2026/10/01 09:40:41.459195 [INF] Server is ready
teamengine-1          | 01-Oct-2026 09:40:52.466 INFO [main] org.apache.catalina.startup.VersionLoggerListener.log Command line argument: -DTE_BASE=/usr/local/tomcat/te_base
teamengine-1          | 01-Oct-2026 09:40:52.466 INFO [main] org.apache.catalina.startup.VersionLoggerListener.log Command line argument: -Djavax.xml.parsers.DocumentBuilderFactory=com.sun.org.apache.xerces.internal.jaxp.DocumentBuilderFactoryImpl
teamengine-1          | 01-Oct-2026 09:40:52.466 INFO [main] org.apache.catalina.startup.VersionLoggerListener.log Command line argument: -Djdk.tls.ephemeralDHKeySize=2048
teamengine-1          | 01-Oct-2026 09:40:52.466 INFO [main] org.apache.catalina.startup.VersionLoggerListener.log Command line argument: -Djava.protocol.handler.pkgs=org.apache.catalina.webresources
teamengine-1          | 01-Oct-2026 09:40:52.466 INFO [main] org.apache.catalina.startup.VersionLoggerListener.log Command line argument: -Dorg.apache.catalina.security.SecurityListener.UMASK=0027
teamengine-1          | 01-Oct-2026 09:40:52.467 INFO [main] org.apache.catalina.startup.VersionLoggerListener.log Command line argument: -Dlog4j2.formatMsgNoLookups=true
teamengine-1          | 01-Oct-2026 09:40:52.467 INFO [main] org.apache.catalina.startup.VersionLoggerListener.log Command line argument: -Dignore.endorsed.dirs=
teamengine-1          | 01-Oct-2026 09:40:52.467 INFO [main] org.apache.catalina.startup.VersionLoggerListener.log Command line argument: -Dcatalina.base=/usr/local/tomcat
teamengine-1          | 01-Oct-2026 09:40:52.467 INFO [main] org.apache.catalina.startup.VersionLoggerListener.log Command line argument: -Dcatalina.home=/usr/local/tomcat
teamengine-1          | 01-Oct-2026 09:40:52.467 INFO [main] org.apache.catalina.startup.VersionLoggerListener.log Command line argument: -Djava.io.tmpdir=/usr/local/tomcat/temp
teamengine-1          | 01-Oct-2026 09:40:52.467 INFO [main] org.apache.catalina.core.AprLifecycleListener.lifecycleEvent Loaded Apache Tomcat Native library [1.2.39] using APR version [1.7.0].
teamengine-1          | 01-Oct-2026 09:40:52.467 INFO [main] org.apache.catalina.core.AprLifecycleListener.lifecycleEvent APR capabilities: IPv6 [true], sendfile [true], accept filters [false], random [true], UDS [{4}].
teamengine-1          | 01-Oct-2026 09:40:52.467 INFO [main] org.apache.catalina.core.AprLifecycleListener.lifecycleEvent APR/OpenSSL configuration: useAprConnector [false], useOpenSSL [true]
teamengine-1          | 01-Oct-2026 09:40:52.469 INFO [main] org.apache.catalina.core.AprLifecycleListener.initializeSSL OpenSSL successfully initialized [OpenSSL 3.0.2 15 Mar 2022]
teamengine-1          | 01-Oct-2026 09:40:52.483 INFO [main] org.apache.coyote.AbstractProtocol.init Initializing ProtocolHandler ["http-nio-8080"]
teamengine-1          | 01-Oct-2026 09:40:52.492 INFO [main] org.apache.catalina.startup.Catalina.load Initialization processed in 216 ms
teamengine-1          | 01-Oct-2026 09:40:52.505 INFO [main] org.apache.catalina.core.StandardService.startInternal Starting service [Catalina]
teamengine-1          | 01-Oct-2026 09:40:52.505 INFO [main] org.apache.catalina.core.StandardEngine.startInternal Starting Servlet engine: [Apache Tomcat/8.5.100]
teamengine-1          | 01-Oct-2026 09:40:52.508 INFO [localhost-startStop-1] org.apache.catalina.startup.HostConfig.deployDirectory Deploying web application directory [/usr/local/tomcat/webapps/teamengine]
teamengine-1          | 01-Oct-2026 09:40:52.517 WARNING [localhost-startStop-1] org.apache.catalina.startup.SetContextPropertiesRule.begin [SetContextPropertiesRule]{Context} Setting property 'processTlds' to 'false' did not find a matching property.
teamengine-1          | 01-Oct-2026 09:40:52.517 WARNING [localhost-startStop-1] org.apache.catalina.startup.SetContextPropertiesRule.begin [SetContextPropertiesRule]{Context} Setting property 'aliases' to '/docs=/usr/local/tomcat/te_base/resources/docs,/about=/usr/local/tomcat/te_base/scripts,/reports=/usr/local/tomcat/te_base/users,/site=/usr/local/tomcat/te_base/resources/site' did not find a matching property.
teamengine-1          | 01-Oct-2026 09:40:52.518 WARNING [localhost-startStop-1] org.apache.tomcat.util.digester.SetPropertiesRule.begin [SetPropertiesRule]{Context/Realm} Setting property 'root' to '/usr/local/tomcat/te_base/users' did not find a matching property.
teamengine-1          | Oct 01, 2026 9:40:53 AM org.apache.tomcat.dbcp.dbcp2.BasicDataSourceFactory getObjectInstance
teamengine-1          | WARNING: Name = EPSG Property maxActive is not used in DBCP2, use maxTotal instead. maxTotal default value is 8. You have set value of "8" for "maxActive" property, which is being ignored.
teamengine-1          | 01-Oct-2026 09:40:54.012 INFO [localhost-startStop-1] org.apache.catalina.startup.HostConfig.deployDirectory Deployment of web application directory [/usr/local/tomcat/webapps/teamengine] has finished in [1,504] ms
teamengine-1          | 01-Oct-2026 09:40:54.014 INFO [main] org.apache.coyote.AbstractProtocol.start Starting ProtocolHandler ["http-nio-8080"]
teamengine-1          | 01-Oct-2026 09:40:54.018 INFO [main] org.apache.catalina.startup.Catalina.start Server startup in 1526 ms
teamengine-1          | 01-Oct-2026 09:41:11.730 WARNING [http-nio-8080-exec-5] org.apache.catalina.connector.Response.setContentType The encoding ['utf-8'] is not recognised by the JRE
teamengine-1          | 	java.lang.IllegalArgumentException: java.io.UnsupportedEncodingException: The character encoding ['utf-8'] is not supported
teamengine-1          | 		at org.apache.coyote.Response.setCharacterEncoding(Response.java:479)
teamengine-1          | 		at org.apache.catalina.connector.Response.setContentType(Response.java:760)
teamengine-1          | 		at org.apache.catalina.connector.Response.checkSpecialHeader(Response.java:1055)
teamengine-1          | 		at org.apache.catalina.connector.Response.addHeader(Response.java:1037)
teamengine-1          | 		at org.apache.catalina.connector.Response.addHeader(Response.java:1016)
teamengine-1          | 		at org.apache.catalina.connector.ResponseFacade.addHeader(ResponseFacade.java:406)
teamengine-1          | 		at com.sun.jersey.spi.container.servlet.WebComponent$Writer.writeHeaders(WebComponent.java:340)
teamengine-1          | 		at com.sun.jersey.spi.container.servlet.WebComponent$Writer.writeStatusAndHeaders(WebComponent.java:328)
teamengine-1          | 		at com.sun.jersey.spi.container.servlet.WebComponent$Writer.initiate(WebComponent.java:319)
teamengine-1          | 		at com.sun.jersey.spi.container.servlet.WebComponent$Writer.write(WebComponent.java:299)
teamengine-1          | 		at com.sun.jersey.spi.container.ContainerResponse$CommittingOutputStream.write(ContainerResponse.java:135)
teamengine-1          | 		at java.base/sun.nio.cs.StreamEncoder.writeBytes(Unknown Source)
teamengine-1          | 		at java.base/sun.nio.cs.StreamEncoder.implFlushBuffer(Unknown Source)
teamengine-1          | 		at java.base/sun.nio.cs.StreamEncoder.implFlush(Unknown Source)
teamengine-1          | 		at java.base/sun.nio.cs.StreamEncoder.flush(Unknown Source)
teamengine-1          | 		at java.base/java.io.OutputStreamWriter.flush(Unknown Source)
teamengine-1          | 		at java.base/java.io.BufferedWriter.flush(Unknown Source)
teamengine-1          | 		at net.sf.saxon.event.XMLEmitter.close(XMLEmitter.java:262)
teamengine-1          | 		at net.sf.saxon.event.UncommittedSerializer.close(UncommittedSerializer.java:53)
teamengine-1          | 		at net.sf.saxon.event.ProxyReceiver.close(ProxyReceiver.java:90)
teamengine-1          | 		at net.sf.saxon.dom.DOMSender.send(DOMSender.java:100)
teamengine-1          | 		at net.sf.saxon.dom.DOMObjectModel.sendSource(DOMObjectModel.java:112)
teamengine-1          | 		at net.sf.saxon.event.Sender.send(Sender.java:218)
teamengine-1          | 		at net.sf.saxon.IdentityTransformer.transform(IdentityTransformer.java:29)
teamengine-1          | 		at com.sun.jersey.core.impl.provider.entity.SourceProvider$SourceWriter.writeTo(SourceProvider.java:208)
teamengine-1          | 		at com.sun.jersey.core.impl.provider.entity.SourceProvider$SourceWriter.writeTo(SourceProvider.java:172)
teamengine-1          | 		at com.sun.jersey.spi.container.ContainerResponse.write(ContainerResponse.java:302)
teamengine-1          | 		at com.sun.jersey.server.impl.application.WebApplicationImpl._handleRequest(WebApplicationImpl.java:1510)
teamengine-1          | 		at com.sun.jersey.server.impl.application.WebApplicationImpl.handleRequest(WebApplicationImpl.java:1419)
teamengine-1          | 		at com.sun.jersey.server.impl.application.WebApplicationImpl.handleRequest(WebApplicationImpl.java:1409)
teamengine-1          | 		at com.sun.jersey.spi.container.servlet.WebComponent.service(WebComponent.java:409)
teamengine-1          | 		at com.sun.jersey.spi.container.servlet.ServletContainer.service(ServletContainer.java:558)
teamengine-1          | 		at com.sun.jersey.spi.container.servlet.ServletContainer.service(ServletContainer.java:733)
teamengine-1          | 		at javax.servlet.http.HttpServlet.service(HttpServlet.java:583)
teamengine-1          | 		at org.apache.catalina.core.ApplicationFilterChain.internalDoFilter(ApplicationFilterChain.java:212)
teamengine-1          | 		at org.apache.catalina.core.ApplicationFilterChain.doFilter(ApplicationFilterChain.java:156)
teamengine-1          | 		at org.apache.tomcat.websocket.server.WsFilter.doFilter(WsFilter.java:51)
teamengine-1          | 		at org.apache.catalina.core.ApplicationFilterChain.internalDoFilter(ApplicationFilterChain.java:181)
teamengine-1          | 		at org.apache.catalina.core.ApplicationFilterChain.doFilter(ApplicationFilterChain.java:156)
teamengine-1          | 		at com.occamlab.te.realm.RestAuthenticationFilter.doFilter(RestAuthenticationFilter.java:72)
teamengine-1          | 		at org.apache.catalina.core.ApplicationFilterChain.internalDoFilter(ApplicationFilterChain.java:181)
teamengine-1          | 		at org.apache.catalina.core.ApplicationFilterChain.doFilter(ApplicationFilterChain.java:156)
teamengine-1          | 		at org.apache.catalina.core.StandardWrapperValve.invoke(StandardWrapperValve.java:168)
teamengine-1          | 		at org.apache.catalina.core.StandardContextValve.invoke(StandardContextValve.java:90)
teamengine-1          | 		at org.apache.catalina.authenticator.AuthenticatorBase.invoke(AuthenticatorBase.java:483)
teamengine-1          | 		at org.apache.catalina.core.StandardHostValve.invoke(StandardHostValve.java:130)
teamengine-1          | 		at org.apache.catalina.valves.ErrorReportValve.invoke(ErrorReportValve.java:93)
teamengine-1          | 		at org.apache.catalina.valves.AbstractAccessLogValve.invoke(AbstractAccessLogValve.java:679)
teamengine-1          | 		at org.apache.catalina.core.StandardEngineValve.invoke(StandardEngineValve.java:74)
teamengine-1          | 		at org.apache.catalina.connector.CoyoteAdapter.service(CoyoteAdapter.java:346)
teamengine-1          | 		at org.apache.coyote.http11.Http11Processor.service(Http11Processor.java:617)
teamengine-1          | 		at org.apache.coyote.AbstractProcessorLight.process(AbstractProcessorLight.java:63)
teamengine-1          | 		at org.apache.coyote.AbstractProtocol$ConnectionHandler.process(AbstractProtocol.java:934)
teamengine-1          | 		at org.apache.tomcat.util.net.NioEndpoint$SocketProcessor.doRun(NioEndpoint.java:1690)
teamengine-1          | 		at org.apache.tomcat.util.net.SocketProcessorBase.run(SocketProcessorBase.java:52)
teamengine-1          | 		at org.apache.tomcat.util.threads.ThreadPoolExecutor.runWorker(ThreadPoolExecutor.java:1191)
teamengine-1          | 		at org.apache.tomcat.util.threads.ThreadPoolExecutor$Worker.run(ThreadPoolExecutor.java:659)
teamengine-1          | 		at org.apache.tomcat.util.threads.TaskThread$WrappingRunnable.run(TaskThread.java:63)
teamengine-1          | 		at java.base/java.lang.Thread.run(Unknown Source)
teamengine-1          | 	Caused by: java.io.UnsupportedEncodingException: The character encoding ['utf-8'] is not supported
teamengine-1          | 		at org.apache.tomcat.util.buf.B2CConverter.getCharsetLower(B2CConverter.java:85)
teamengine-1          | 		at org.apache.tomcat.util.buf.B2CConverter.getCharset(B2CConverter.java:63)
teamengine-1          | 		at org.apache.coyote.Response.setCharacterEncoding(Response.java:477)
teamengine-1          | 		... 58 more
teamengine-1          | log4j:WARN No appenders could be found for logger (Jena).
teamengine-1          | log4j:WARN Please initialize the log4j system properly.
teamengine-1          | log4j:WARN See http://logging.apache.org/log4j/1.2/faq.html#noconfig for more info.
teamengine-1          | Oct 01, 2026 9:41:11 AM org.glassfish.jersey.client.innate.inject.NonInjectionManager <init>
teamengine-1          | WARNING: Jersey-HK2 module is missing. Falling back to injection-less client. Injection may not be supported on the client.
teamengine-1          | Oct 01, 2026 9:41:11 AM org.glassfish.jersey.message.internal.MessagingBinders$EnabledProvidersBinder bindToBinder
teamengine-1          | WARNING: A class jakarta.activation.DataSource for a default provider MessageBodyWriter<jakarta.activation.DataSource> was not found. The provider is not available.
teamengine-1          | [Fatal Error] entity-1058633820125237022.tmp:1:1: Content is not allowed in prolog.
teamengine-1          | Request: GET http://cs-api-server:8080
teamengine-1          | 	Accept=application/json
teamengine-1          | Request: GET http://cs-api-server:8080/conformance
teamengine-1          | 	Accept=application/json
teamengine-1          | Request: GET http://cs-api-server:8080
teamengine-1          | 	Accept=application/json
teamengine-1          | Request: GET http://cs-api-server:8080/api
teamengine-1          | 	Accept=*/*
teamengine-1          | Request: GET http://cs-api-server:8080/conformance
teamengine-1          | 	Accept=application/json
teamengine-1          | Request: GET http://cs-api-server:8080
teamengine-1          | 	Accept=application/json
teamengine-1          | Request: GET http://cs-api-server:8080/conformance
teamengine-1          | 	Accept=application/json
teamengine-1          | Request: GET http://cs-api-server:8080/collections
teamengine-1          | 	Accept=application/json
teamengine-1          | Request: GET http://cs-api-server:8080/?f=json
teamengine-1          | 	Accept=*/*
teamengine-1          | Request: GET http://cs-api-server:8080/systems
teamengine-1          | 	Accept=application/json
teamengine-1          | Request: GET http://cs-api-server:8080/systems/c360.semconnect.systems.csapi.system.01
teamengine-1          | 	Accept=application/json
teamengine-1          | Request: GET http://cs-api-server:8080
teamengine-1          | 	Accept=application/json
teamengine-1          | Request: GET http://cs-api-server:8080/conformance
teamengine-1          | 	Accept=application/json
teamengine-1          | Part 2 API Common group reached runtime after Core/Common prerequisites resolved.
teamengine-1          | Request: GET http://cs-api-server:8080/datastreams?limit=1
teamengine-1          | 	Accept=application/json
teamengine-1          | Request: GET http://cs-api-server:8080/controlstreams?limit=1
teamengine-1          | 	Accept=application/json
teamengine-1          | Request: GET http://cs-api-server:8080/commands?limit=1
teamengine-1          | 	Accept=application/json
teamengine-1          | Request: GET http://cs-api-server:8080/observations?limit=1
teamengine-1          | 	Accept=application/json
teamengine-1          | Request: GET http://cs-api-server:8080/systemEvents?limit=1
teamengine-1          | 	Accept=application/json
teamengine-1          | Request: GET http://cs-api-server:8080/conformance
teamengine-1          | 	Accept=application/json
teamengine-1          | Request: GET http://cs-api-server:8080/datastreams?limit=2
teamengine-1          | 	Accept=application/json
teamengine-1          | IUT declares both /conf/datastream and /conf/api-common; full-class prerequisite is visible.
teamengine-1          | Request: GET http://cs-api-server:8080/datastreams/c360.semconnect.systems.csapi.datastream.weather-temperature-01
teamengine-1          | 	Accept=application/json
teamengine-1          | Request: GET http://cs-api-server:8080/datastreams/c360.semconnect.systems.csapi.datastream.weather-temperature-01/schema
teamengine-1          | 	Accept=application/json
teamengine-1          | Request: GET http://cs-api-server:8080/observations?limit=1
teamengine-1          | 	Accept=application/json
teamengine-1          | Request: GET http://cs-api-server:8080/observations/ets-observation-001
teamengine-1          | 	Accept=application/json
teamengine-1          | Request: GET http://cs-api-server:8080/observations?limit=2
teamengine-1          | 	Accept=application/json
teamengine-1          | Request: GET http://cs-api-server:8080/datastreams/c360.semconnect.systems.csapi.datastream.weather-temperature-01/observations?limit=2
teamengine-1          | 	Accept=application/json
teamengine-1          | Request: GET http://cs-api-server:8080/observations?limit=1
teamengine-1          | 	Accept=application/json
teamengine-1          | Request: GET http://cs-api-server:8080/datastreams/c360.semconnect.systems.csapi.datastream.weather-temperature-01/observations?limit=10
teamengine-1          | 	Accept=application/json
teamengine-1          | Request: GET http://cs-api-server:8080/systems/c360.semconnect.systems.csapi.system.weather-station-01/datastreams?limit=100
teamengine-1          | 	Accept=application/json
teamengine-1          | Request: GET http://cs-api-server:8080/conformance
teamengine-1          | 	Accept=application/json
teamengine-1          | Request: GET http://cs-api-server:8080/controlstreams?limit=2
teamengine-1          | 	Accept=application/json
teamengine-1          | Request: GET http://cs-api-server:8080/controlstreams/c360.semconnect.systems.csapi.controlstream.ptz-01/commands?limit=10
teamengine-1          | 	Accept=application/json
teamengine-1          | IUT declares both /conf/controlstream and /conf/api-common; full-class prerequisite is visible.
teamengine-1          | Request: GET http://cs-api-server:8080/controls/c360.semconnect.systems.csapi.controlstream.ptz-01
teamengine-1          | 	Accept=application/json
teamengine-1          | Request: GET http://cs-api-server:8080/controlstreams/c360.semconnect.systems.csapi.controlstream.ptz-01
teamengine-1          | 	Accept=application/json
semstreams-backend-1  | {"time":"2026-10-01T09:40:46.581843586Z","level":"INFO","msg":"Core component factories registered","service":"semstreams","version":"dev","pid":1,"count":27,"factories":{"agentic-dispatch":{"name":"agentic-dispatch","type":"processor","protocol":"jetstream","domain":"agentic","description":"Routes user messages to agentic loops with command parsing and permissions","version":"1.0.0","schema":{"properties":{"auto_continue":{"type":"bool","description":"Automatically continue last active loop","default":true,"category":"basic"},"consumer_name_suffix":{"type":"string","description":"Suffix appended to consumer names for uniqueness","category":"advanced"},"default_role":{"type":"string","description":"Default role for new tasks","default":"general","category":"basic"},"default_tools":{"type":"array","description":"Tool names granted to initial user-message tasks (resolved at dispatch; nil/empty falls back to global discovery)","category":"advanced","items":{"type":"string","description":""}},"delete_consumer_on_stop":{"type":"bool","description":"Delete durable consumers on Stop (use for tests only)","default":false,"category":"advanced"},"enable_intent_classification":{"type":"bool","description":"Enable LLM-assisted intent classification for ambiguous messages","default":false,"category":"advanced"},"permissions":{"type":"object","description":"Permission configuration","category":"advanced","properties":{"approve":{"type":"array","description":"approve","items":{"type":"string","description":""}},"cancel_any":{"type":"array","description":"cancel_any","items":{"type":"string","description":""}},"cancel_own":{"type":"bool","description":"cancel_own"},"submit_task":{"type":"array","description":"submit_task","items":{"type":"string","description":""}},"view":{"type":"array","description":"view","items":{"type":"string","description":""}}}},"ports":{"type":"ports","description":"Port configuration for inputs and outputs","category":"basic","portFields":{"config":{"type":"object","editable":true,"variants":{"file":{"type":"object","editable":true,"required":["kind","path"],"directions":["input","output"],"properties":{"kind":{"type":"enum","editable":false,"enum":["file"]},"path":{"type":"string","editable":true},"pattern":{"type":"string","editable":true}},"additionalProperties":false},"http-client":{"type":"object","editable":true,"required":["kind","method","url_pattern"],"directions":["input"],"properties":{"auth_ref":{"type":"string","editable":true},"contact_policy":{"type":"string","editable":true},"interface":{"type":"object","editable":true,"required":["type"],"properties":{"compatible":{"type":"array","editable":true,"items":{"type":"string","editable":true}},"type":{"type":"string","editable":true},"version":{"type":"string","editable":true}},"additionalProperties":false},"kind":{"type":"enum","editable":false,"enum":["http-client"]},"method":{"type":"string","editable":true},"trigger_port":{"type":"string","editable":true},"url_pattern":{"type":"string","editable":true}},"additionalProperties":false},"jetstream":{"type":"object","editable":true,"required":["kind","subjects"],"requiredByDirection":{"input":["stream_name"]},"directions":["input","output"],"properties":{"ack_policy":{"type":"string","editable":true},"ack_wait":{"type":"string","editable":true},"consumer_name":{"type":"string","editable":true},"deliver_policy":{"type":"string","editable":true},"heartbeat_interval":{"type":"string","editable":true},"interface":{"type":"object","editable":true,"required":["type"],"properties":{"compatible":{"type":"array","editable":true,"items":{"type":"string","editable":true}},"type":{"type":"string","editable":true},"version":{"type":"string","editable":true}},"additionalProperties":false},"kind":{"type":"enum","editable":false,"enum":["jetstream"]},"max_ack_pending":{"type":"int","editable":true},"max_deliver":{"type":"int","editable":true},"max_size_gb":{"type":"int","editable":true},"replicas":{"type":"int","editable":true},"retention":{"type":"string","editable":true},"retention_days":{"type":"int","editable":true},"storage":{"type":"string","editable":true},"stream_name":{"type":"string","editable":true},"subjects":{"type":"array","editable":true,"items":{"type":"string","editable":true}}},"additionalProperties":false},"kv-read":{"type":"object","editable":true,"required":["kind","bucket"],"directions":["input"],"properties":{"bucket":{"type":"string","editable":true},"interface":{"type":"object","editable":true,"required":["type"],"properties":{"compatible":{"type":"array","editable":true,"items":{"type":"string","editable":true}},"type":{"type":"string","editable":true},"version":{"type":"string","editable":true}},"additionalProperties":false},"kind":{"type":"enum","editable":false,"enum":["kv-read"]}},"additionalProperties":false},"kv-watch":{"type":"object","editable":true,"required":["kind","bucket"],"directions":["input"],"properties":{"bucket":{"type":"string","editable":true},"history":{"type":"bool","editable":true},"interface":{"type":"object","editable":true,"required":["type"],"properties":{"compatible":{"type":"array","editable":true,"items":{"type":"string","editable":true}},"type":{"type":"string","editable":true},"version":{"type":"string","editable":true}},"additionalProperties":false},"keys":{"type":"array","editable":true,"items":{"type":"string","editable":true}},"kind":{"type":"enum","editable":false,"enum":["kv-watch"]}},"additionalProperties":false},"kv-write":{"type":"object","editable":true,"required":["kind","bucket"],"directions":["output"],"properties":{"bucket":{"type":"string","editable":true},"interface":{"type":"object","editable":true,"required":["type"],"properties":{"compatible":{"type":"array","editable":true,"items":{"type":"string","editable":true}},"type":{"type":"string","editable":true},"version":{"type":"string","editable":true}},"additionalProperties":false},"kind":{"type":"enum","editable":false,"enum":["kv-write"]}},"additionalProperties":false},"nats":{"type":"object","editable":true,"required":["kind","subject"],"directions":["input","output"],"properties":{"interface":{"type":"object","editable":true,"required":["type"],"properties":{"compatible":{"type":"array","editable":true,"items":{"type":"string","editable":true}},"type":{"type":"string","editable":true},"version":{"type":"string","editable":true}},"additionalProperties":false},"kind":{"type":"enum","editable":false,"enum":["nats"]},"queue":{"type":"string","editable":true},"subject":{"type":"string","editable":true}},"additionalProperties":false},"nats-request":{"type":"object","editable":true,"required":["kind","subject"],"directions":["input","output"],"properties":{"interface":{"type":"object","editable":true,"required":["type"],"properties":{"compatible":{"type":"array","editable":true,"items":{"type":"string","editable":true}},"type":{"type":"string","editable":true},"version":{"type":"string","editable":true}},"additionalProperties":false},"kind":{"type":"enum","editable":false,"enum":["nats-request"]},"retries":{"type":"int","editable":true},"subject":{"type":"string","editable":true},"timeout":{"type":"string","editable":true}},"additionalProperties":false},"network":{"type":"object","editable":true,"required":["kind","protocol","port"],"directions":["input","output"],"properties":{"host":{"type":"string","editable":true},"kind":{"type":"enum","editable":false,"enum":["network"]},"port":{"type":"int","editable":true},"protocol":{"type":"string","editable":true}},"additionalProperties":false},"store-provide":{"type":"object","editable":true,"required":["kind","instance"],"directions":["output"],"properties":{"instance":{"type":"string","editable":true},"kind":{"type":"enum","editable":false,"enum":["store-provide"]}},"additionalProperties":false},"store-read":{"type":"object","editable":true,"required":["kind","bucket"],"directions":["input"],"properties":{"bucket":{"type":"string","editable":true},"interface":{"type":"object","editable":true,"required":["type"],"properties":{"compatible":{"type":"array","editable":true,"items":{"type":"string","editable":true}},"type":{"type":"string","editable":true},"version":{"type":"string","editable":true}},"additionalProperties":false},"kind":{"type":"enum","editable":false,"enum":["store-read"]}},"additionalProperties":false},"timer":{"type":"object","editable":true,"required":["kind","interval"],"directions":["input"],"properties":{"interface":{"type":"object","editable":true,"required":["type"],"properties":{"compatible":{"type":"array","editable":true,"items":{"type":"string","editable":true}},"type":{"type":"string","editable":true},"version":{"type":"string","editable":true}},"additionalProperties":false},"interval":{"type":"string","editable":true},"kind":{"type":"enum","editable":false,"enum":["timer"]}},"additionalProperties":false}}},"description":{"type":"string","editable":false},"name":{"type":"string","editable":false},"required":{"type":"bool","editable":false}}},"stream_name":{"type":"string","description":"NATS stream name for user messages","default":"USER","category":"advanced"}},"required":["default_role"]},"dependencies":["model-registry"]},"agentic-governance":{"name":"agentic-governance","type":"processor","protocol":"agentic","domain":"governance","description":"Content governance layer for agentic systems with PII redaction, injection detection, and rate limiting","version":"0.1.0","schema":{"properties":{"consumer_name_suffix":{"type":"string","description":"Consumer name suffix for uniqueness","category":"advanced"},"enable_tool_governance":{"type":"bool","description":"Enable pre-execution governance filtering for tool calls","default":false,"category":"advanced"},"filter_chain":{"type":"object","description":"Filter chain configuration","category":"basic","properties":{"filters":{"type":"array","description":"Ordered list of filters to apply","category":"basic","items":{"type":"object","description":"","properties":{"classifier_config":{"type":"object","description":"Embedding classifier configuration (ADR-043 Phase 2)","category":"advanced","properties":{"corpus_sources":{"type":"array","description":"Corpus files to load","category":"advanced","items":{"type":"object","description":"","properties":{"domain":{"type":"string","description":"Tag identifying this corpus","category":"basic"},"path":{"type":"string","description":"JSONL file path","category":"basic"},"version":{"type":"string","description":"Corpus revision","category":"basic"}}}},"shadow_mode":{"type":"bool","description":"Emit verdict but never block (calibration mode)","default":true,"category":"basic"},"threshold":{"type":"float","description":"Cosine-similarity floor for a positive match (0.0-1.0)","default":0.7,"category":"basic"}}},"content_config":{"type":"object","description":"Content filter configuration","category":"advanced","properties":{"block_threshold":{"type":"float","description":"Block threshold (0.0-1.0)","default":0.9,"category":"basic"},"enabled_default":{"type":"array","description":"Default policies to enable","category":"basic","items":{"type":"string","description":""}},"policies":{"type":"array","description":"Content policies","category":"basic","items":{"type":"object","description":"","properties":{"action":{"type":"string","description":"Action on violation","default":"block","category":"basic"},"categories":{"type":"array","description":"Policy categories","category":"advanced","items":{"type":"string","description":""}},"keywords":{"type":"array","description":"Keywords to match","category":"basic","items":{"type":"string","description":""}},"name":{"type":"string","description":"Policy identifier","category":"basic"},"patterns":{"type":"array","description":"Regex patterns","category":"basic","items":{"type":"string","description":""}},"severity":{"type":"string","description":"Violation severity","default":"high","category":"basic"}}}},"warn_threshold":{"type":"float","description":"Warning threshold (0.0-1.0)","default":0.7,"category":"basic"}}},"enabled":{"type":"bool","description":"Whether this filter is enabled","default":true,"category":"basic"},"injection_config":{"type":"object","description":"Injection filter configuration","category":"advanced","properties":{"confidence_threshold":{"type":"float","description":"Confidence threshold for blocking (0.0-1.0)","default":0.8,"category":"basic"},"enabled_patterns":{"type":"array","description":"Built-in pattern names to enable","category":"basic","items":{"type":"string","description":""}},"patterns":{"type":"array","description":"Injection patterns to detect","category":"advanced","items":{"type":"object","description":"","properties":{"confidence":{"type":"float","description":"Detection confidence","default":0.9,"category":"advanced"},"description":{"type":"string","description":"Pattern description","category":"basic"},"name":{"type":"string","description":"Pattern identifier","category":"basic"},"pattern":{"type":"string","description":"Regex pattern","category":"basic"},"severity":{"type":"string","description":"Violation severity","default":"high","category":"basic"}}}}}},"name":{"type":"string","description":"Filter name (pii_redaction injection_detection injection_classifier content_moderation rate_limiting tool_call_governance)","category":"basic"},"pii_config":{"type":"object","description":"PII filter configuration","category":"advanced","properties":{"allowed_types":{"type":"array","description":"PII types allowed through without redaction","category":"advanced","items":{"type":"string","description":""}},"confidence_threshold":{"type":"float","description":"Confidence threshold (0.0-1.0)","default":0.85,"category":"advanced"},"custom_patterns":{"type":"array","description":"Custom PII patterns","category":"advanced","items":{"type":"object","description":"","properties":{"confidence":{"type":"float","description":"Detection confidence","default":0.9,"category":"advanced"},"pattern":{"type":"string","description":"Regex pattern","category":"basic"},"replacement":{"type":"string","description":"Replacement text","category":"basic"},"type":{"type":"string","description":"PII type identifier","category":"basic"}}}},"mask_char":{"type":"string","description":"Masking character for mask strategy","default":"*","category":"advanced"},"strategy":{"type":"string","description":"Redaction strategy (mask hash remove label)","default":"label","category":"basic"},"types":{"type":"array","description":"PII types to detect","category":"basic","items":{"type":"string","description":""}}}},"rate_limit_config":{"type":"object","description":"Rate limit filter configuration","category":"advanced","properties":{"algorithm":{"type":"string","description":"Rate limiting algorithm","default":"token_bucket","category":"advanced"},"global":{"type":"object","description":"Global rate limits","category":"basic","properties":{"requests_per_minute":{"type":"int","description":"Maximum requests per minute","default":60,"category":"basic"},"tokens_per_hour":{"type":"int","description":"Maximum tokens per hour","default":100000,"category":"basic"}}},"per_session":{"type":"object","description":"Per-session rate limits","category":"basic","properties":{"requests_per_minute":{"type":"int","description":"Maximum requests per minute","default":60,"category":"basic"},"tokens_per_hour":{"type":"int","description":"Maximum tokens per hour","default":100000,"category":"basic"}}},"per_user":{"type":"object","description":"Per-user rate limits","category":"basic","properties":{"requests_per_minute":{"type":"int","description":"Maximum requests per minute","default":60,"category":"basic"},"tokens_per_hour":{"type":"int","description":"Maximum tokens per hour","default":100000,"category":"basic"}}},"storage":{"type":"object","description":"Storage configuration","category":"advanced","properties":{"bucket":{"type":"string","description":"KV bucket name","category":"advanced"},"type":{"type":"string","description":"Storage type (memory kv)","default":"memory","category":"advanced"}}}}},"tool_call_config":{"type":"object","description":"Tool call governance filter configuration","category":"advanced","properties":{"blocked_command_patterns":{"type":"array","description":"Substrings appended to the default bash command blocklist","category":"advanced","items":{"type":"string","description":""}},"blocked_url_patterns":{"type":"array","description":"Substrings appended to the default http_request URL blocklist","category":"advanced","items":{"type":"string","description":""}}}}}}},"policy":{"type":"string","description":"Violation handling policy (fail_fast continue log_only)","default":"fail_fast","category":"basic"}}},"ports":{"type":"ports","description":"Port configuration","category":"basic","portFields":{"config":{"type":"object","editable":true,"variants":{"file":{"type":"object","editable":true,"required":["kind","path"],"directions":["input","output"],"properties":{"kind":{"type":"enum","editable":false,"enum":["file"]},"path":{"type":"string","editable":true},"pattern":{"type":"string","editable":true}},"additionalProperties":false},"http-client":{"type":"object","editable":true,"required":["kind","method","url_pattern"],"directions":["input"],"properties":{"auth_ref":{"type":"string","editable":true},"contact_policy":{"type":"string","editable":true},"interface":{"type":"object","editable":true,"required":["type"],"properties":{"compatible":{"type":"array","editable":true,"items":{"type":"string","editable":true}},"type":{"type":"string","editable":true},"version":{"type":"string","editable":true}},"additionalProperties":false},"kind":{"type":"enum","editable":false,"enum":["http-client"]},"method":{"type":"string","editable":true},"trigger_port":{"type":"string","editable":true},"url_pattern":{"type":"string","editable":true}},"additionalProperties":false},"jetstream":{"type":"object","editable":true,"required":["kind","subjects"],"requiredByDirection":{"input":["stream_name"]},"directions":["input","output"],"properties":{"ack_policy":{"type":"string","editable":true},"ack_wait":{"type":"string","editable":true},"consumer_name":{"type":"string","editable":true},"deliver_policy":{"type":"string","editable":true},"heartbeat_interval":{"type":"string","editable":true},"interface":{"type":"object","editable":true,"required":["type"],"properties":{"compatible":{"type":"array","editable":true,"items":{"type":"string","editable":true}},"type":{"type":"string","editable":true},"version":{"type":"string","editable":true}},"additionalProperties":false},"kind":{"type":"enum","editable":false,"enum":["jetstream"]},"max_ack_pending":{"type":"int","editable":true},"max_deliver":{"type":"int","editable":true},"max_size_gb":{"type":"int","editable":true},"replicas":{"type":"int","editable":true},"retention":{"type":"string","editable":true},"retention_days":{"type":"int","editable":true},"storage":{"type":"string","editable":true},"stream_name":{"type":"string","editable":true},"subjects":{"type":"array","editable":true,"items":{"type":"string","editable":true}}},"additionalProperties":false},"kv-read":{"type":"object","editable":true,"required":["kind","bucket"],"directions":["input"],"properties":{"bucket":{"type":"string","editable":true},"interface":{"type":"object","editable":true,"required":["type"],"properties":{"compatible":{"type":"array","editable":true,"items":{"type":"string","editable":true}},"type":{"type":"string","editable":true},"version":{"type":"string","editable":true}},"additionalProperties":false},"kind":{"type":"enum","editable":false,"enum":["kv-read"]}},"additionalProperties":false},"kv-watch":{"type":"object","editable":true,"required":["kind","bucket"],"directions":["input"],"properties":{"bucket":{"type":"string","editable":true},"history":{"type":"bool","editable":true},"interface":{"type":"object","editable":true,"required":["type"],"properties":{"compatible":{"type":"array","editable":true,"items":{"type":"string","editable":true}},"type":{"type":"string","editable":true},"version":{"type":"string","editable":true}},"additionalProperties":false},"keys":{"type":"array","editable":true,"items":{"type":"string","editable":true}},"kind":{"type":"enum","editable":false,"enum":["kv-watch"]}},"additionalProperties":false},"kv-write":{"type":"object","editable":true,"required":["kind","bucket"],"directions":["output"],"properties":{"bucket":{"type":"string","editable":true},"interface":{"type":"object","editable":true,"required":["type"],"properties":{"compatible":{"type":"array","editable":true,"items":{"type":"string","editable":true}},"type":{"type":"string","editable":true},"version":{"type":"string","editable":true}},"additionalProperties":false},"kind":{"type":"enum","editable":false,"enum":["kv-write"]}},"additionalProperties":false},"nats":{"type":"object","editable":true,"required":["kind","subject"],"directions":["input","output"],"properties":{"interface":{"type":"object","editable":true,"required":["type"],"properties":{"compatible":{"type":"array","editable":true,"items":{"type":"string","editable":true}},"type":{"type":"string","editable":true},"version":{"type":"string","editable":true}},"additionalProperties":false},"kind":{"type":"enum","editable":false,"enum":["nats"]},"queue":{"type":"string","editable":true},"subject":{"type":"string","editable":true}},"additionalProperties":false},"nats-request":{"type":"object","editable":true,"required":["kind","subject"],"directions":["input","output"],"properties":{"interface":{"type":"object","editable":true,"required":["type"],"properties":{"compatible":{"type":"array","editable":true,"items":{"type":"string","editable":true}},"type":{"type":"string","editable":true},"version":{"type":"string","editable":true}},"additionalProperties":false},"kind":{"type":"enum","editable":false,"enum":["nats-request"]},"retries":{"type":"int","editable":true},"subject":{"type":"string","editable":true},"timeout":{"type":"string","editable":true}},"additionalProperties":false},"network":{"type":"object","editable":true,"required":["kind","protocol","port"],"directions":["input","output"],"properties":{"host":{"type":"string","editable":true},"kind":{"type":"enum","editable":false,"enum":["network"]},"port":{"type":"int","editable":true},"protocol":{"type":"string","editable":true}},"additionalProperties":false},"store-provide":{"type":"object","editable":true,"required":["kind","instance"],"directions":["output"],"properties":{"instance":{"type":"string","editable":true},"kind":{"type":"enum","editable":false,"enum":["store-provide"]}},"additionalProperties":false},"store-read":{"type":"object","editable":true,"required":["kind","bucket"],"directions":["input"],"properties":{"bucket":{"type":"string","editable":true},"interface":{"type":"object","editable":true,"required":["type"],"properties":{"compatible":{"type":"array","editable":true,"items":{"type":"string","editable":true}},"type":{"type":"string","editable":true},"version":{"type":"string","editable":true}},"additionalProperties":false},"kind":{"type":"enum","editable":false,"enum":["store-read"]}},"additionalProperties":false},"timer":{"type":"object","editable":true,"required":["kind","interval"],"directions":["input"],"properties":{"interface":{"type":"object","editable":true,"required":["type"],"properties":{"compatible":{"type":"array","editable":true,"items":{"type":"string","editable":true}},"type":{"type":"string","editable":true},"version":{"type":"string","editable":true}},"additionalProperties":false},"interval":{"type":"string","editable":true},"kind":{"type":"enum","editable":false,"enum":["timer"]}},"additionalProperties":false}}},"description":{"type":"string","editable":false},"name":{"type":"string","editable":false},"required":{"type":"bool","editable":false}}},"stream_name":{"type":"string","description":"JetStream stream name","default":"AGENT","category":"advanced"},"violations":{"type":"object","description":"Violation handling configuration","category":"basic","properties":{"admin_subject":{"type":"string","description":"NATS subject for admin alerts","default":"admin.governance.alert","category":"advanced"},"notify_admin_severity":{"type":"array","description":"Severity levels that trigger admin alerts","category":"basic","items":{"type":"string","description":""}},"notify_user":{"type":"bool","description":"Send error messages to users","default":true,"category":"basic"},"retention_days":{"type":"int","description":"Violation retention in days","default":90,"category":"basic"},"store":{"type":"string","description":"KV bucket for violations","default":"GOVERNANCE_VIOLATIONS","category":"basic"}}}},"required":[]},"dependencies":null},"agentic-loop":{"name":"agentic-loop","type":"processor","protocol":"nats","domain":"agentic","description":"Orchestrates agentic loops with tool calls, state management, and trajectory tracking","version":"1.0.0","schema":{"properties":{"approval_timeout":{"type":"string","description":"Auto-reject pending approvals after this duration (e.g. 5m or 1h). Empty means wait indefinitely","category":"advanced"},"consumer":{"type":"object","description":"JetStream consumer tuning for long-running ports (agent.task/agent.response/tool.result)","category":"advanced","properties":{"ack_wait":{"type":"string","description":"AckWait duration for long-running consumers (e.g. 90s or 5m)","default":"90s","category":"advanced"},"heartbeat_interval":{"type":"string","description":"InProgress heartbeat interval (e.g. 60s or 2m). Must be less than ack_wait","default":"60s","category":"advanced"},"max_deliver":{"type":"int","description":"Maximum redelivery attempts for long-running consumers","default":2,"minimum":1,"maximum":10,"category":"advanced"}}},"consumer_name_suffix":{"type":"string","description":"Suffix for consumer names","category":"advanced"},"context":{"type":"object","description":"Context window management. Model limits are resolved from the model registry","category":"advanced","properties":{"compact_threshold":{"type":"float","description":"Utilization threshold (0.01-1.0) that triggers context compaction"},"enabled":{"type":"bool","description":"Deprecated: context management is always enabled (required for Gemini compatibility)"},"entity_priority":{"type":"int","description":"Priority for entity context vs conversation (1-10, higher = more entity context)"},"headroom_ratio":{"type":"float","description":"Fraction of model context to reserve for responses (0.0-0.5). Takes precedence over headroom_tokens when the computed value is larger"},"headroom_tokens":{"type":"int","description":"Minimum token headroom floor — ratio-based headroom never goes below this value"},"max_budget_tokens":{"type":"int","description":"Hard token limit for context budget (overrides model limits when set)"},"preserve_entities":{"type":"array","description":"Entity IDs to always keep in context during slicing","items":{"type":"string","description":""}},"slice_on_budget":{"type":"bool","description":"Enable context slicing when budget is exceeded"}}},"delete_consumer_on_stop":{"type":"bool","description":"Delete durable consumers on Stop (use for tests only)","default":false,"category":"advanced"},"loops_bucket":{"type":"string","description":"NATS KV bucket name for storing loop state","default":"AGENT_LOOPS","category":"advanced"},"max_iterations":{"type":"int","description":"Maximum number of iterations before loop terminates","default":20,"minimum":1,"maximum":1000,"category":"basic"},"ports":{"type":"ports","description":"Port configuration for inputs and outputs","category":"basic","portFields":{"config":{"type":"object","editable":true,"variants":{"file":{"type":"object","editable":true,"required":["kind","path"],"directions":["input","output"],"properties":{"kind":{"type":"enum","editable":false,"enum":["file"]},"path":{"type":"string","editable":true},"pattern":{"type":"string","editable":true}},"additionalProperties":false},"http-client":{"type":"object","editable":true,"required":["kind","method","url_pattern"],"directions":["input"],"properties":{"auth_ref":{"type":"string","editable":true},"contact_policy":{"type":"string","editable":true},"interface":{"type":"object","editable":true,"required":["type"],"properties":{"compatible":{"type":"array","editable":true,"items":{"type":"string","editable":true}},"type":{"type":"string","editable":true},"version":{"type":"string","editable":true}},"additionalProperties":false},"kind":{"type":"enum","editable":false,"enum":["http-client"]},"method":{"type":"string","editable":true},"trigger_port":{"type":"string","editable":true},"url_pattern":{"type":"string","editable":true}},"additionalProperties":false},"jetstream":{"type":"object","editable":true,"required":["kind","subjects"],"requiredByDirection":{"input":["stream_name"]},"directions":["input","output"],"properties":{"ack_policy":{"type":"string","editable":true},"ack_wait":{"type":"string","editable":true},"consumer_name":{"type":"string","editable":true},"deliver_policy":{"type":"string","editable":true},"heartbeat_interval":{"type":"string","editable":true},"interface":{"type":"object","editable":true,"required":["type"],"properties":{"compatible":{"type":"array","editable":true,"items":{"type":"string","editable":true}},"type":{"type":"string","editable":true},"version":{"type":"string","editable":true}},"additionalProperties":false},"kind":{"type":"enum","editable":false,"enum":["jetstream"]},"max_ack_pending":{"type":"int","editable":true},"max_deliver":{"type":"int","editable":true},"max_size_gb":{"type":"int","editable":true},"replicas":{"type":"int","editable":true},"retention":{"type":"string","editable":true},"retention_days":{"type":"int","editable":true},"storage":{"type":"string","editable":true},"stream_name":{"type":"string","editable":true},"subjects":{"type":"array","editable":true,"items":{"type":"string","editable":true}}},"additionalProperties":false},"kv-read":{"type":"object","editable":true,"required":["kind","bucket"],"directions":["input"],"properties":{"bucket":{"type":"string","editable":true},"interface":{"type":"object","editable":true,"required":["type"],"properties":{"compatible":{"type":"array","editable":true,"items":{"type":"string","editable":true}},"type":{"type":"string","editable":true},"version":{"type":"string","editable":true}},"additionalProperties":false},"kind":{"type":"enum","editable":false,"enum":["kv-read"]}},"additionalProperties":false},"kv-watch":{"type":"object","editable":true,"required":["kind","bucket"],"directions":["input"],"properties":{"bucket":{"type":"string","editable":true},"history":{"type":"bool","editable":true},"interface":{"type":"object","editable":true,"required":["type"],"properties":{"compatible":{"type":"array","editable":true,"items":{"type":"string","editable":true}},"type":{"type":"string","editable":true},"version":{"type":"string","editable":true}},"additionalProperties":false},"keys":{"type":"array","editable":true,"items":{"type":"string","editable":true}},"kind":{"type":"enum","editable":false,"enum":["kv-watch"]}},"additionalProperties":false},"kv-write":{"type":"object","editable":true,"required":["kind","bucket"],"directions":["output"],"properties":{"bucket":{"type":"string","editable":true},"interface":{"type":"object","editable":true,"required":["type"],"properties":{"compatible":{"type":"array","editable":true,"items":{"type":"string","editable":true}},"type":{"type":"string","editable":true},"version":{"type":"string","editable":true}},"additionalProperties":false},"kind":{"type":"enum","editable":false,"enum":["kv-write"]}},"additionalProperties":false},"nats":{"type":"object","editable":true,"required":["kind","subject"],"directions":["input","output"],"properties":{"interface":{"type":"object","editable":true,"required":["type"],"properties":{"compatible":{"type":"array","editable":true,"items":{"type":"string","editable":true}},"type":{"type":"string","editable":true},"version":{"type":"string","editable":true}},"additionalProperties":false},"kind":{"type":"enum","editable":false,"enum":["nats"]},"queue":{"type":"string","editable":true},"subject":{"type":"string","editable":true}},"additionalProperties":false},"nats-request":{"type":"object","editable":true,"required":["kind","subject"],"directions":["input","output"],"properties":{"interface":{"type":"object","editable":true,"required":["type"],"properties":{"compatible":{"type":"array","editable":true,"items":{"type":"string","editable":true}},"type":{"type":"string","editable":true},"version":{"type":"string","editable":true}},"additionalProperties":false},"kind":{"type":"enum","editable":false,"enum":["nats-request"]},"retries":{"type":"int","editable":true},"subject":{"type":"string","editable":true},"timeout":{"type":"string","editable":true}},"additionalProperties":false},"network":{"type":"object","editable":true,"required":["kind","protocol","port"],"directions":["input","output"],"properties":{"host":{"type":"string","editable":true},"kind":{"type":"enum","editable":false,"enum":["network"]},"port":{"type":"int","editable":true},"protocol":{"type":"string","editable":true}},"additionalProperties":false},"store-provide":{"type":"object","editable":true,"required":["kind","instance"],"directions":["output"],"properties":{"instance":{"type":"string","editable":true},"kind":{"type":"enum","editable":false,"enum":["store-provide"]}},"additionalProperties":false},"store-read":{"type":"object","editable":true,"required":["kind","bucket"],"directions":["input"],"properties":{"bucket":{"type":"string","editable":true},"interface":{"type":"object","editable":true,"required":["type"],"properties":{"compatible":{"type":"array","editable":true,"items":{"type":"string","editable":true}},"type":{"type":"string","editable":true},"version":{"type":"string","editable":true}},"additionalProperties":false},"kind":{"type":"enum","editable":false,"enum":["store-read"]}},"additionalProperties":false},"timer":{"type":"object","editable":true,"required":["kind","interval"],"directions":["input"],"properties":{"interface":{"type":"object","editable":true,"required":["type"],"properties":{"compatible":{"type":"array","editable":true,"items":{"type":"string","editable":true}},"type":{"type":"string","editable":true},"version":{"type":"string","editable":true}},"additionalProperties":false},"interval":{"type":"string","editable":true},"kind":{"type":"enum","editable":false,"enum":["timer"]}},"additionalProperties":false}}},"description":{"type":"string","editable":false},"name":{"type":"string","editable":false},"required":{"type":"bool","editable":false}}},"stream_name":{"type":"string","description":"JetStream stream name","default":"AGENT","category":"advanced"},"synthesize_terminal_on_completion":{"type":"bool","description":"Synthesize decide(needs_clarification) when a loop completes without a terminal tool call (#133). Belt-and-suspenders recovery for cheap-model substrates where models occasionally return text-only at completion despite persona prose","default":false,"category":"advanced"},"timeout":{"type":"string","description":"Timeout duration for loop execution (e.g. 120s or 5m)","default":"120s","category":"basic"},"tool_call_governance":{"type":"object","description":"Subject-mode tool-call governance (ADR-039). Default mode=disabled is no-op (no governance gate)","category":"advanced","properties":{"mode":{"type":"string","description":"Governance mode (disabled|audit|enforce). Default disabled means no governance gate","default":"disabled","category":"advanced"},"timeout":{"type":"string","description":"Per-call verdict wait window in enforce mode (e.g. 500ms or 2s). Default 1s","default":"1s","category":"advanced"}}},"tool_result_max_bytes":{"type":"int","description":"Maximum bytes for tool result content before truncation. 0 means no limit","default":32768,"category":"advanced"},"trajectory_evidence_storage_instance":{"type":"string","description":"Logical registered storage instance for full trajectory evidence","default":"objectstore","category":"advanced"}},"required":["max_iterations","timeout","loops_bucket"]},"dependencies":["model-registry"]},"agentic-model":{"name":"agentic-model","type":"processor","protocol":"openai","domain":"semantic","description":"OpenAI-compatible agentic model processor with tool calling support","version":"0.1.0","schema":{"properties":{"consumer_name_suffix":{"type":"string","description":"Suffix appended to consumer names for uniqueness","category":"advanced"},"delete_consumer_on_stop":{"type":"bool","description":"Delete durable consumers on Stop (use for tests only)","default":false,"category":"advanced"},"ports":{"type":"ports","description":"Port configuration","category":"basic","portFields":{"config":{"type":"object","editable":true,"variants":{"file":{"type":"object","editable":true,"required":["kind","path"],"directions":["input","output"],"properties":{"kind":{"type":"enum","editable":false,"enum":["file"]},"path":{"type":"string","editable":true},"pattern":{"type":"string","editable":true}},"additionalProperties":false},"http-client":{"type":"object","editable":true,"required":["kind","method","url_pattern"],"directions":["input"],"properties":{"auth_ref":{"type":"string","editable":true},"contact_policy":{"type":"string","editable":true},"interface":{"type":"object","editable":true,"required":["type"],"properties":{"compatible":{"type":"array","editable":true,"items":{"type":"string","editable":true}},"type":{"type":"string","editable":true},"version":{"type":"string","editable":true}},"additionalProperties":false},"kind":{"type":"enum","editable":false,"enum":["http-client"]},"method":{"type":"string","editable":true},"trigger_port":{"type":"string","editable":true},"url_pattern":{"type":"string","editable":true}},"additionalProperties":false},"jetstream":{"type":"object","editable":true,"required":["kind","subjects"],"requiredByDirection":{"input":["stream_name"]},"directions":["input","output"],"properties":{"ack_policy":{"type":"string","editable":true},"ack_wait":{"type":"string","editable":true},"consumer_name":{"type":"string","editable":true},"deliver_policy":{"type":"string","editable":true},"heartbeat_interval":{"type":"string","editable":true},"interface":{"type":"object","editable":true,"required":["type"],"properties":{"compatible":{"type":"array","editable":true,"items":{"type":"string","editable":true}},"type":{"type":"string","editable":true},"version":{"type":"string","editable":true}},"additionalProperties":false},"kind":{"type":"enum","editable":false,"enum":["jetstream"]},"max_ack_pending":{"type":"int","editable":true},"max_deliver":{"type":"int","editable":true},"max_size_gb":{"type":"int","editable":true},"replicas":{"type":"int","editable":true},"retention":{"type":"string","editable":true},"retention_days":{"type":"int","editable":true},"storage":{"type":"string","editable":true},"stream_name":{"type":"string","editable":true},"subjects":{"type":"array","editable":true,"items":{"type":"string","editable":true}}},"additionalProperties":false},"kv-read":{"type":"object","editable":true,"required":["kind","bucket"],"directions":["input"],"properties":{"bucket":{"type":"string","editable":true},"interface":{"type":"object","editable":true,"required":["type"],"properties":{"compatible":{"type":"array","editable":true,"items":{"type":"string","editable":true}},"type":{"type":"string","editable":true},"version":{"type":"string","editable":true}},"additionalProperties":false},"kind":{"type":"enum","editable":false,"enum":["kv-read"]}},"additionalProperties":false},"kv-watch":{"type":"object","editable":true,"required":["kind","bucket"],"directions":["input"],"properties":{"bucket":{"type":"string","editable":true},"history":{"type":"bool","editable":true},"interface":{"type":"object","editable":true,"required":["type"],"properties":{"compatible":{"type":"array","editable":true,"items":{"type":"string","editable":true}},"type":{"type":"string","editable":true},"version":{"type":"string","editable":true}},"additionalProperties":false},"keys":{"type":"array","editable":true,"items":{"type":"string","editable":true}},"kind":{"type":"enum","editable":false,"enum":["kv-watch"]}},"additionalProperties":false},"kv-write":{"type":"object","editable":true,"required":["kind","bucket"],"directions":["output"],"properties":{"bucket":{"type":"string","editable":true},"interface":{"type":"object","editable":true,"required":["type"],"properties":{"compatible":{"type":"array","editable":true,"items":{"type":"string","editable":true}},"type":{"type":"string","editable":true},"version":{"type":"string","editable":true}},"additionalProperties":false},"kind":{"type":"enum","editable":false,"enum":["kv-write"]}},"additionalProperties":false},"nats":{"type":"object","editable":true,"required":["kind","subject"],"directions":["input","output"],"properties":{"interface":{"type":"object","editable":true,"required":["type"],"properties":{"compatible":{"type":"array","editable":true,"items":{"type":"string","editable":true}},"type":{"type":"string","editable":true},"version":{"type":"string","editable":true}},"additionalProperties":false},"kind":{"type":"enum","editable":false,"enum":["nats"]},"queue":{"type":"string","editable":true},"subject":{"type":"string","editable":true}},"additionalProperties":false},"nats-request":{"type":"object","editable":true,"required":["kind","subject"],"directions":["input","output"],"properties":{"interface":{"type":"object","editable":true,"required":["type"],"properties":{"compatible":{"type":"array","editable":true,"items":{"type":"string","editable":true}},"type":{"type":"string","editable":true},"version":{"type":"string","editable":true}},"additionalProperties":false},"kind":{"type":"enum","editable":false,"enum":["nats-request"]},"retries":{"type":"int","editable":true},"subject":{"type":"string","editable":true},"timeout":{"type":"string","editable":true}},"additionalProperties":false},"network":{"type":"object","editable":true,"required":["kind","protocol","port"],"directions":["input","output"],"properties":{"host":{"type":"string","editable":true},"kind":{"type":"enum","editable":false,"enum":["network"]},"port":{"type":"int","editable":true},"protocol":{"type":"string","editable":true}},"additionalProperties":false},"store-provide":{"type":"object","editable":true,"required":["kind","instance"],"directions":["output"],"properties":{"instance":{"type":"string","editable":true},"kind":{"type":"enum","editable":false,"enum":["store-provide"]}},"additionalProperties":false},"store-read":{"type":"object","editable":true,"required":["kind","bucket"],"directions":["input"],"properties":{"bucket":{"type":"string","editable":true},"interface":{"type":"object","editable":true,"required":["type"],"properties":{"compatible":{"type":"array","editable":true,"items":{"type":"string","editable":true}},"type":{"type":"string","editable":true},"version":{"type":"string","editable":true}},"additionalProperties":false},"kind":{"type":"enum","editable":false,"enum":["store-read"]}},"additionalProperties":false},"timer":{"type":"object","editable":true,"required":["kind","interval"],"directions":["input"],"properties":{"interface":{"type":"object","editable":true,"required":["type"],"properties":{"compatible":{"type":"array","editable":true,"items":{"type":"string","editable":true}},"type":{"type":"string","editable":true},"version":{"type":"string","editable":true}},"additionalProperties":false},"interval":{"type":"string","editable":true},"kind":{"type":"enum","editable":false,"enum":["timer"]}},"additionalProperties":false}}},"description":{"type":"string","editable":false},"name":{"type":"string","editable":false},"required":{"type":"bool","editable":false}}},"retry":{"type":"object","description":"Retry configuration","category":"advanced","properties":{"backoff":{"type":"enum","description":"Backoff strategy","default":"exponential","enum":["exponential","linear"],"category":"advanced"},"initial_delay":{"type":"string","description":"Initial retry delay for transient errors","default":"1s","category":"advanced"},"max_attempts":{"type":"int","description":"Maximum retry attempts for transient errors (5xx/network)","default":3,"category":"advanced"},"max_delay":{"type":"string","description":"Maximum retry delay (caps both generic and rate-limit backoff)","default":"60s","category":"advanced"},"max_rate_limit_retries":{"type":"int","description":"Maximum retry attempts for 429 rate-limit responses (separate from generic retries)","default":5,"category":"advanced"},"rate_limit_delay":{"type":"string","description":"Initial delay when rate limited (429) — doubles each attempt","default":"15s","category":"advanced"}}},"timeout":{"type":"string","description":"Per-request LLM call timeout. Sized 10s below the agentic-model JetStream consumer AckWait (120s) so the LLM context.Done propagates and the call closes cleanly before NATS would otherwise redeliver. Operators raising this past ~115s should also raise the consumer AckWait in lockstep.","default":"110s","category":"advanced"}},"required":[]},"dependencies":["model-registry"]},"agentic-tools":{"name":"agentic-tools","type":"processor","protocol":"tools","domain":"semantic","description":"Tool executor processor with filtering and timeout support","version":"0.1.0","schema":{"properties":{"allowed_tools":{"type":"array","description":"List of allowed tools (nil/empty allows all)","category":"advanced","items":{"type":"string","description":""}},"approval_required":{"type":"array","description":"Tool names requiring human approval before execution","category":"advanced","items":{"type":"string","description":""}},"consumer_name_suffix":{"type":"string","description":"Suffix appended to consumer names for uniqueness","category":"advanced"},"delete_consumer_on_stop":{"type":"bool","description":"Delete durable consumers on Stop (use for tests only)","default":false,"category":"advanced"},"enable_categories":{"type":"bool","description":"Enable tool category filtering for role-based access","default":false,"category":"advanced"},"loops_bucket":{"type":"string","description":"NATS KV bucket name holding agent loop state (for read_loop_result)","default":"AGENT_LOOPS","category":"advanced"},"ports":{"type":"ports","description":"Port configuration","category":"basic","portFields":{"config":{"type":"object","editable":true,"variants":{"file":{"type":"object","editable":true,"required":["kind","path"],"directions":["input","output"],"properties":{"kind":{"type":"enum","editable":false,"enum":["file"]},"path":{"type":"string","editable":true},"pattern":{"type":"string","editable":true}},"additionalProperties":false},"http-client":{"type":"object","editable":true,"required":["kind","method","url_pattern"],"directions":["input"],"properties":{"auth_ref":{"type":"string","editable":true},"contact_policy":{"type":"string","editable":true},"interface":{"type":"object","editable":true,"required":["type"],"properties":{"compatible":{"type":"array","editable":true,"items":{"type":"string","editable":true}},"type":{"type":"string","editable":true},"version":{"type":"string","editable":true}},"additionalProperties":false},"kind":{"type":"enum","editable":false,"enum":["http-client"]},"method":{"type":"string","editable":true},"trigger_port":{"type":"string","editable":true},"url_pattern":{"type":"string","editable":true}},"additionalProperties":false},"jetstream":{"type":"object","editable":true,"required":["kind","subjects"],"requiredByDirection":{"input":["stream_name"]},"directions":["input","output"],"properties":{"ack_policy":{"type":"string","editable":true},"ack_wait":{"type":"string","editable":true},"consumer_name":{"type":"string","editable":true},"deliver_policy":{"type":"string","editable":true},"heartbeat_interval":{"type":"string","editable":true},"interface":{"type":"object","editable":true,"required":["type"],"properties":{"compatible":{"type":"array","editable":true,"items":{"type":"string","editable":true}},"type":{"type":"string","editable":true},"version":{"type":"string","editable":true}},"additionalProperties":false},"kind":{"type":"enum","editable":false,"enum":["jetstream"]},"max_ack_pending":{"type":"int","editable":true},"max_deliver":{"type":"int","editable":true},"max_size_gb":{"type":"int","editable":true},"replicas":{"type":"int","editable":true},"retention":{"type":"string","editable":true},"retention_days":{"type":"int","editable":true},"storage":{"type":"string","editable":true},"stream_name":{"type":"string","editable":true},"subjects":{"type":"array","editable":true,"items":{"type":"string","editable":true}}},"additionalProperties":false},"kv-read":{"type":"object","editable":true,"required":["kind","bucket"],"directions":["input"],"properties":{"bucket":{"type":"string","editable":true},"interface":{"type":"object","editable":true,"required":["type"],"properties":{"compatible":{"type":"array","editable":true,"items":{"type":"string","editable":true}},"type":{"type":"string","editable":true},"version":{"type":"string","editable":true}},"additionalProperties":false},"kind":{"type":"enum","editable":false,"enum":["kv-read"]}},"additionalProperties":false},"kv-watch":{"type":"object","editable":true,"required":["kind","bucket"],"directions":["input"],"properties":{"bucket":{"type":"string","editable":true},"history":{"type":"bool","editable":true},"interface":{"type":"object","editable":true,"required":["type"],"properties":{"compatible":{"type":"array","editable":true,"items":{"type":"string","editable":true}},"type":{"type":"string","editable":true},"version":{"type":"string","editable":true}},"additionalProperties":false},"keys":{"type":"array","editable":true,"items":{"type":"string","editable":true}},"kind":{"type":"enum","editable":false,"enum":["kv-watch"]}},"additionalProperties":false},"kv-write":{"type":"object","editable":true,"required":["kind","bucket"],"directions":["output"],"properties":{"bucket":{"type":"string","editable":true},"interface":{"type":"object","editable":true,"required":["type"],"properties":{"compatible":{"type":"array","editable":true,"items":{"type":"string","editable":true}},"type":{"type":"string","editable":true},"version":{"type":"string","editable":true}},"additionalProperties":false},"kind":{"type":"enum","editable":false,"enum":["kv-write"]}},"additionalProperties":false},"nats":{"type":"object","editable":true,"required":["kind","subject"],"directions":["input","output"],"properties":{"interface":{"type":"object","editable":true,"required":["type"],"properties":{"compatible":{"type":"array","editable":true,"items":{"type":"string","editable":true}},"type":{"type":"string","editable":true},"version":{"type":"string","editable":true}},"additionalProperties":false},"kind":{"type":"enum","editable":false,"enum":["nats"]},"queue":{"type":"string","editable":true},"subject":{"type":"string","editable":true}},"additionalProperties":false},"nats-request":{"type":"object","editable":true,"required":["kind","subject"],"directions":["input","output"],"properties":{"interface":{"type":"object","editable":true,"required":["type"],"properties":{"compatible":{"type":"array","editable":true,"items":{"type":"string","editable":true}},"type":{"type":"string","editable":true},"version":{"type":"string","editable":true}},"additionalProperties":false},"kind":{"type":"enum","editable":false,"enum":["nats-request"]},"retries":{"type":"int","editable":true},"subject":{"type":"string","editable":true},"timeout":{"type":"string","editable":true}},"additionalProperties":false},"network":{"type":"object","editable":true,"required":["kind","protocol","port"],"directions":["input","output"],"properties":{"host":{"type":"string","editable":true},"kind":{"type":"enum","editable":false,"enum":["network"]},"port":{"type":"int","editable":true},"protocol":{"type":"string","editable":true}},"additionalProperties":false},"store-provide":{"type":"object","editable":true,"required":["kind","instance"],"directions":["output"],"properties":{"instance":{"type":"string","editable":true},"kind":{"type":"enum","editable":false,"enum":["store-provide"]}},"additionalProperties":false},"store-read":{"type":"object","editable":true,"required":["kind","bucket"],"directions":["input"],"properties":{"bucket":{"type":"string","editable":true},"interface":{"type":"object","editable":true,"required":["type"],"properties":{"compatible":{"type":"array","editable":true,"items":{"type":"string","editable":true}},"type":{"type":"string","editable":true},"version":{"type":"string","editable":true}},"additionalProperties":false},"kind":{"type":"enum","editable":false,"enum":["store-read"]}},"additionalProperties":false},"timer":{"type":"object","editable":true,"required":["kind","interval"],"directions":["input"],"properties":{"interface":{"type":"object","editable":true,"required":["type"],"properties":{"compatible":{"type":"array","editable":true,"items":{"type":"string","editable":true}},"type":{"type":"string","editable":true},"version":{"type":"string","editable":true}},"additionalProperties":false},"interval":{"type":"string","editable":true},"kind":{"type":"enum","editable":false,"enum":["timer"]}},"additionalProperties":false}}},"description":{"type":"string","editable":false},"name":{"type":"string","editable":false},"required":{"type":"bool","editable":false}}},"restricted_decide_actions":{"type":"array","description":"Decide-action names barred for every coordinator task (front-door and rule-spawned) — composes with and takes precedence over per-task action_allowlist; vocabulary-agnostic run/deployment clarification policy; empty means permissive default","category":"advanced","items":{"type":"string","description":""}},"stream_name":{"type":"string","description":"JetStream stream name for agentic messages","default":"AGENT","category":"basic"},"timeout":{"type":"string","description":"Tool execution timeout","default":"60s","category":"advanced"},"tool_retries":{"type":"object","description":"Per-tool retry policy keyed by tool name (opt-in; tools without an entry do not retry)","category":"advanced"}},"required":[]},"dependencies":null},"file":{"name":"file","type":"output","protocol":"file","domain":"storage","description":"File output for writing messages to disk in JSON, JSONL, or raw format","version":"0.1.0","schema":{"properties":{"append":{"type":"bool","description":"Append mode","category":"advanced"},"buffer_size":{"type":"int","description":"Buffer size","category":"advanced"},"directory":{"type":"string","description":"Output directory","category":"basic"},"file_prefix":{"type":"string","description":"Prefix","category":"basic"},"format":{"type":"enum","description":"format","enum":["json","jsonl","raw"],"category":"basic"},"ports":{"type":"ports","description":"Port configuration","category":"basic","portFields":{"config":{"type":"object","editable":true,"variants":{"file":{"type":"object","editable":true,"required":["kind","path"],"directions":["input","output"],"properties":{"kind":{"type":"enum","editable":false,"enum":["file"]},"path":{"type":"string","editable":true},"pattern":{"type":"string","editable":true}},"additionalProperties":false},"http-client":{"type":"object","editable":true,"required":["kind","method","url_pattern"],"directions":["input"],"properties":{"auth_ref":{"type":"string","editable":true},"contact_policy":{"type":"string","editable":true},"interface":{"type":"object","editable":true,"required":["type"],"properties":{"compatible":{"type":"array","editable":true,"items":{"type":"string","editable":true}},"type":{"type":"string","editable":true},"version":{"type":"string","editable":true}},"additionalProperties":false},"kind":{"type":"enum","editable":false,"enum":["http-client"]},"method":{"type":"string","editable":true},"trigger_port":{"type":"string","editable":true},"url_pattern":{"type":"string","editable":true}},"additionalProperties":false},"jetstream":{"type":"object","editable":true,"required":["kind","subjects"],"requiredByDirection":{"input":["stream_name"]},"directions":["input","output"],"properties":{"ack_policy":{"type":"string","editable":true},"ack_wait":{"type":"string","editable":true},"consumer_name":{"type":"string","editable":true},"deliver_policy":{"type":"string","editable":true},"heartbeat_interval":{"type":"string","editable":true},"interface":{"type":"object","editable":true,"required":["type"],"properties":{"compatible":{"type":"array","editable":true,"items":{"type":"string","editable":true}},"type":{"type":"string","editable":true},"version":{"type":"string","editable":true}},"additionalProperties":false},"kind":{"type":"enum","editable":false,"enum":["jetstream"]},"max_ack_pending":{"type":"int","editable":true},"max_deliver":{"type":"int","editable":true},"max_size_gb":{"type":"int","editable":true},"replicas":{"type":"int","editable":true},"retention":{"type":"string","editable":true},"retention_days":{"type":"int","editable":true},"storage":{"type":"string","editable":true},"stream_name":{"type":"string","editable":true},"subjects":{"type":"array","editable":true,"items":{"type":"string","editable":true}}},"additionalProperties":false},"kv-read":{"type":"object","editable":true,"required":["kind","bucket"],"directions":["input"],"properties":{"bucket":{"type":"string","editable":true},"interface":{"type":"object","editable":true,"required":["type"],"properties":{"compatible":{"type":"array","editable":true,"items":{"type":"string","editable":true}},"type":{"type":"string","editable":true},"version":{"type":"string","editable":true}},"additionalProperties":false},"kind":{"type":"enum","editable":false,"enum":["kv-read"]}},"additionalProperties":false},"kv-watch":{"type":"object","editable":true,"required":["kind","bucket"],"directions":["input"],"properties":{"bucket":{"type":"string","editable":true},"history":{"type":"bool","editable":true},"interface":{"type":"object","editable":true,"required":["type"],"properties":{"compatible":{"type":"array","editable":true,"items":{"type":"string","editable":true}},"type":{"type":"string","editable":true},"version":{"type":"string","editable":true}},"additionalProperties":false},"keys":{"type":"array","editable":true,"items":{"type":"string","editable":true}},"kind":{"type":"enum","editable":false,"enum":["kv-watch"]}},"additionalProperties":false},"kv-write":{"type":"object","editable":true,"required":["kind","bucket"],"directions":["output"],"properties":{"bucket":{"type":"string","editable":true},"interface":{"type":"object","editable":true,"required":["type"],"properties":{"compatible":{"type":"array","editable":true,"items":{"type":"string","editable":true}},"type":{"type":"string","editable":true},"version":{"type":"string","editable":true}},"additionalProperties":false},"kind":{"type":"enum","editable":false,"enum":["kv-write"]}},"additionalProperties":false},"nats":{"type":"object","editable":true,"required":["kind","subject"],"directions":["input","output"],"properties":{"interface":{"type":"object","editable":true,"required":["type"],"properties":{"compatible":{"type":"array","editable":true,"items":{"type":"string","editable":true}},"type":{"type":"string","editable":true},"version":{"type":"string","editable":true}},"additionalProperties":false},"kind":{"type":"enum","editable":false,"enum":["nats"]},"queue":{"type":"string","editable":true},"subject":{"type":"string","editable":true}},"additionalProperties":false},"nats-request":{"type":"object","editable":true,"required":["kind","subject"],"directions":["input","output"],"properties":{"interface":{"type":"object","editable":true,"required":["type"],"properties":{"compatible":{"type":"array","editable":true,"items":{"type":"string","editable":true}},"type":{"type":"string","editable":true},"version":{"type":"string","editable":true}},"additionalProperties":false},"kind":{"type":"enum","editable":false,"enum":["nats-request"]},"retries":{"type":"int","editable":true},"subject":{"type":"string","editable":true},"timeout":{"type":"string","editable":true}},"additionalProperties":false},"network":{"type":"object","editable":true,"required":["kind","protocol","port"],"directions":["input","output"],"properties":{"host":{"type":"string","editable":true},"kind":{"type":"enum","editable":false,"enum":["network"]},"port":{"type":"int","editable":true},"protocol":{"type":"string","editable":true}},"additionalProperties":false},"store-provide":{"type":"object","editable":true,"required":["kind","instance"],"directions":["output"],"properties":{"instance":{"type":"string","editable":true},"kind":{"type":"enum","editable":false,"enum":["store-provide"]}},"additionalProperties":false},"store-read":{"type":"object","editable":true,"required":["kind","bucket"],"directions":["input"],"properties":{"bucket":{"type":"string","editable":true},"interface":{"type":"object","editable":true,"required":["type"],"properties":{"compatible":{"type":"array","editable":true,"items":{"type":"string","editable":true}},"type":{"type":"string","editable":true},"version":{"type":"string","editable":true}},"additionalProperties":false},"kind":{"type":"enum","editable":false,"enum":["store-read"]}},"additionalProperties":false},"timer":{"type":"object","editable":true,"required":["kind","interval"],"directions":["input"],"properties":{"interface":{"type":"object","editable":true,"required":["type"],"properties":{"compatible":{"type":"array","editable":true,"items":{"type":"string","editable":true}},"type":{"type":"string","editable":true},"version":{"type":"string","editable":true}},"additionalProperties":false},"interval":{"type":"string","editable":true},"kind":{"type":"enum","editable":false,"enum":["timer"]}},"additionalProperties":false}}},"description":{"type":"string","editable":false},"name":{"type":"string","editable":false},"required":{"type":"bool","editable":false}}}},"required":[]},"dependencies":null},"file_input":{"name":"file_input","type":"input","protocol":"file","domain":"data","description":"File input component for reading JSONL/JSON files and publishing to NATS","version":"1.0.0","schema":{"properties":{"format":{"type":"string","description":"File format (jsonl or json)","default":"jsonl"},"interval":{"type":"string","description":"Delay between lines","default":"10ms"},"ports":{"type":"ports","description":"Port configuration","category":"basic","portFields":{"config":{"type":"object","editable":true,"variants":{"file":{"type":"object","editable":true,"required":["kind","path"],"directions":["input","output"],"properties":{"kind":{"type":"enum","editable":false,"enum":["file"]},"path":{"type":"string","editable":true},"pattern":{"type":"string","editable":true}},"additionalProperties":false},"http-client":{"type":"object","editable":true,"required":["kind","method","url_pattern"],"directions":["input"],"properties":{"auth_ref":{"type":"string","editable":true},"contact_policy":{"type":"string","editable":true},"interface":{"type":"object","editable":true,"required":["type"],"properties":{"compatible":{"type":"array","editable":true,"items":{"type":"string","editable":true}},"type":{"type":"string","editable":true},"version":{"type":"string","editable":true}},"additionalProperties":false},"kind":{"type":"enum","editable":false,"enum":["http-client"]},"method":{"type":"string","editable":true},"trigger_port":{"type":"string","editable":true},"url_pattern":{"type":"string","editable":true}},"additionalProperties":false},"jetstream":{"type":"object","editable":true,"required":["kind","subjects"],"requiredByDirection":{"input":["stream_name"]},"directions":["input","output"],"properties":{"ack_policy":{"type":"string","editable":true},"ack_wait":{"type":"string","editable":true},"consumer_name":{"type":"string","editable":true},"deliver_policy":{"type":"string","editable":true},"heartbeat_interval":{"type":"string","editable":true},"interface":{"type":"object","editable":true,"required":["type"],"properties":{"compatible":{"type":"array","editable":true,"items":{"type":"string","editable":true}},"type":{"type":"string","editable":true},"version":{"type":"string","editable":true}},"additionalProperties":false},"kind":{"type":"enum","editable":false,"enum":["jetstream"]},"max_ack_pending":{"type":"int","editable":true},"max_deliver":{"type":"int","editable":true},"max_size_gb":{"type":"int","editable":true},"replicas":{"type":"int","editable":true},"retention":{"type":"string","editable":true},"retention_days":{"type":"int","editable":true},"storage":{"type":"string","editable":true},"stream_name":{"type":"string","editable":true},"subjects":{"type":"array","editable":true,"items":{"type":"string","editable":true}}},"additionalProperties":false},"kv-read":{"type":"object","editable":true,"required":["kind","bucket"],"directions":["input"],"properties":{"bucket":{"type":"string","editable":true},"interface":{"type":"object","editable":true,"required":["type"],"properties":{"compatible":{"type":"array","editable":true,"items":{"type":"string","editable":true}},"type":{"type":"string","editable":true},"version":{"type":"string","editable":true}},"additionalProperties":false},"kind":{"type":"enum","editable":false,"enum":["kv-read"]}},"additionalProperties":false},"kv-watch":{"type":"object","editable":true,"required":["kind","bucket"],"directions":["input"],"properties":{"bucket":{"type":"string","editable":true},"history":{"type":"bool","editable":true},"interface":{"type":"object","editable":true,"required":["type"],"properties":{"compatible":{"type":"array","editable":true,"items":{"type":"string","editable":true}},"type":{"type":"string","editable":true},"version":{"type":"string","editable":true}},"additionalProperties":false},"keys":{"type":"array","editable":true,"items":{"type":"string","editable":true}},"kind":{"type":"enum","editable":false,"enum":["kv-watch"]}},"additionalProperties":false},"kv-write":{"type":"object","editable":true,"required":["kind","bucket"],"directions":["output"],"properties":{"bucket":{"type":"string","editable":true},"interface":{"type":"object","editable":true,"required":["type"],"properties":{"compatible":{"type":"array","editable":true,"items":{"type":"string","editable":true}},"type":{"type":"string","editable":true},"version":{"type":"string","editable":true}},"additionalProperties":false},"kind":{"type":"enum","editable":false,"enum":["kv-write"]}},"additionalProperties":false},"nats":{"type":"object","editable":true,"required":["kind","subject"],"directions":["input","output"],"properties":{"interface":{"type":"object","editable":true,"required":["type"],"properties":{"compatible":{"type":"array","editable":true,"items":{"type":"string","editable":true}},"type":{"type":"string","editable":true},"version":{"type":"string","editable":true}},"additionalProperties":false},"kind":{"type":"enum","editable":false,"enum":["nats"]},"queue":{"type":"string","editable":true},"subject":{"type":"string","editable":true}},"additionalProperties":false},"nats-request":{"type":"object","editable":true,"required":["kind","subject"],"directions":["input","output"],"properties":{"interface":{"type":"object","editable":true,"required":["type"],"properties":{"compatible":{"type":"array","editable":true,"items":{"type":"string","editable":true}},"type":{"type":"string","editable":true},"version":{"type":"string","editable":true}},"additionalProperties":false},"kind":{"type":"enum","editable":false,"enum":["nats-request"]},"retries":{"type":"int","editable":true},"subject":{"type":"string","editable":true},"timeout":{"type":"string","editable":true}},"additionalProperties":false},"network":{"type":"object","editable":true,"required":["kind","protocol","port"],"directions":["input","output"],"properties":{"host":{"type":"string","editable":true},"kind":{"type":"enum","editable":false,"enum":["network"]},"port":{"type":"int","editable":true},"protocol":{"type":"string","editable":true}},"additionalProperties":false},"store-provide":{"type":"object","editable":true,"required":["kind","instance"],"directions":["output"],"properties":{"instance":{"type":"string","editable":true},"kind":{"type":"enum","editable":false,"enum":["store-provide"]}},"additionalProperties":false},"store-read":{"type":"object","editable":true,"required":["kind","bucket"],"directions":["input"],"properties":{"bucket":{"type":"string","editable":true},"interface":{"type":"object","editable":true,"required":["type"],"properties":{"compatible":{"type":"array","editable":true,"items":{"type":"string","editable":true}},"type":{"type":"string","editable":true},"version":{"type":"string","editable":true}},"additionalProperties":false},"kind":{"type":"enum","editable":false,"enum":["store-read"]}},"additionalProperties":false},"timer":{"type":"object","editable":true,"required":["kind","interval"],"directions":["input"],"properties":{"interface":{"type":"object","editable":true,"required":["type"],"properties":{"compatible":{"type":"array","editable":true,"items":{"type":"string","editable":true}},"type":{"type":"string","editable":true},"version":{"type":"string","editable":true}},"additionalProperties":false},"interval":{"type":"string","editable":true},"kind":{"type":"enum","editable":false,"enum":["timer"]}},"additionalProperties":false}}},"description":{"type":"string","editable":false},"name":{"type":"string","editable":false},"required":{"type":"bool","editable":false}}}},"required":[]},"dependencies":null},"gated-dag":{"name":"gated-dag","type":"processor","protocol":"nats","domain":"graph","description":"Gated-DAG dispatch executor (ADR-046 Phase 2): dispatches DAG units in dependency order with restart recovery, failure isolation, and stall detection.","version":"1.0.0","schema":{"properties":{"backstop_interval":{"type":"string","description":"Period of the unconditional re-eval tick that closes the missed-watch-event hole and surfaces stalls.","default":"30s","category":"advanced"},"claim_predicate":{"type":"string","description":"Triple predicate carrying the durable in-flight claim (the dedup record committed before dispatch).","default":"gateddag.unit.claim","category":"advanced"},"completed_predicate":{"type":"string","description":"Triple predicate marking a unit complete.","default":"gateddag.unit.completed","category":"advanced"},"depends_on_predicate":{"type":"string","description":"Triple predicate carrying a unit's prerequisite unit IDs (multi-valued; one triple per edge).","default":"gateddag.unit.depends-on","category":"advanced"},"dirtied_predicate":{"type":"string","description":"Triple predicate marking a unit reset/dirtied (re-derives Ready over any stale terminal marker).","default":"gateddag.unit.dirtied","category":"advanced"},"dispatch_dedupe_window":{"type":"string","description":"Server-side duplicate-detection window (Nats-Msg-Id=unitID). Must be >= backstop_interval; makes the claim-rollback safe against an ack-timeout-after-persist (ADR-070 B1).","default":"2m","category":"advanced"},"dispatch_stream":{"type":"string","description":"JetStream stream the executor ensures at Start and publishes dispatches into (ADR-070). Use a distinct name per distinct dispatch_subject.","default":"GATEDDAG_DISPATCH","category":"advanced"},"dispatch_stream_discard":{"type":"string","description":"Behavior at the size ceiling: 'new' refuses the newest dispatch (default; the executor rolls the claim back and the unit re-selects), 'old' evicts the oldest (which silently strands whichever unit's dispatch is dropped). Only safe as 'new' when dispatch_stream_retention deletes on ack; 'limits' + 'new' is rejected.","default":"new","enum":["new","old"],"category":"advanced"},"dispatch_stream_max_age":{"type":"string","description":"Retention window for the dispatch stream; an unconsumed dispatch older than this is dropped.","default":"24h","category":"advanced"},"dispatch_stream_max_bytes":{"type":"int","description":"Size ceiling for the dispatch stream, in bytes. Must be > 0: 0 and -1 both mean unlimited to JetStream, and an unbounded work stream exhausts the account's whole storage tier rather than only itself.","default":268435456,"category":"advanced"},"dispatch_stream_retention":{"type":"string","description":"Retention policy for the dispatch stream: 'workqueue' (default) deletes each dispatch once it is acked, so dispatch_stream_max_bytes is reached by genuine backlog; 'limits' retains processed dispatches until max_age, so the ceiling fills with acked history. Choose 'limits' only when several independent consumers read the same dispatch subject, and pair it with discard 'old'. Cannot be changed on an existing stream.","default":"workqueue","enum":["workqueue","limits"],"category":"advanced"},"dispatch_subject":{"type":"string","description":"Subject published with the unit entity ID reference when a unit is dispatchable. The consumer wires its handler here. Required.","category":"basic"},"failed_predicate":{"type":"string","description":"Triple predicate marking a unit failed.","default":"gateddag.unit.failed","category":"advanced"},"failure_policy":{"type":"enum","description":"How a failed unit affects new dispatch.","default":"continue_others","enum":["continue_others","stop_on_first_failure"],"category":"advanced"},"fan_out_instance_id":{"type":"string","description":"Optional canonical six-part literal entity ID, at most 256 bytes, of the FanOut lifecycle instance to own: created in 'dispatching' on Start, auto-transitioned to 'completed' when every unit is Done. Empty or omitted means no instance lifecycle is owned.","maxLength":256,"pattern":"^(?:$|[A-Za-z0-9][A-Za-z0-9_-]*(?:\\.[A-Za-z0-9][A-Za-z0-9_-]*){5})$","category":"advanced"},"fan_out_workflow":{"type":"string","description":"lifecycle.Workflow.Name watched for re-eval triggers. Defaults to the framework FanOut workflow (self-registered).","default":"gateddag-fanout","category":"basic"},"max_units":{"type":"int","description":"Cap on the authoritative whole-set read; a larger fan-out logs a truncation warning.","default":1000,"category":"advanced"},"query_timeout":{"type":"string","description":"Timeout bounding each authoritative graph.query.prefix read.","default":"30s","category":"advanced"},"queue_size":{"type":"int","description":"Dispatch submit-queue bound.","default":256,"category":"advanced"},"stall_subject":{"type":"string","description":"Optional subject for an edge-triggered StallEvent on the 0→non-zero stall transition (the gated_dag_stalled_units gauge + WARN log are always emitted).","category":"advanced"},"stranded_after":{"type":"string","description":"Age past which a claimed non-terminal unit surfaces as a stall alert instead of counting as in-flight (ADR-070). Set above max unit runtime; '0' disables. Alert-only.","default":"0","category":"advanced"},"unit_entity_prefix":{"type":"string","description":"Required canonical literal entity-ID query prefix with one to six dot-separated tokens and at most 256 bytes; wildcards are not accepted. This is the graph.query.prefix scope read authoritatively each evaluation — the blast radius of one fan-out.","minLength":1,"maxLength":256,"pattern":"^[A-Za-z0-9][A-Za-z0-9_-]*(?:\\.[A-Za-z0-9][A-Za-z0-9_-]*){0,5}$","category":"basic"},"workers":{"type":"int","description":"Bounded dispatch concurrency.","default":4,"category":"advanced"}},"required":["unit_entity_prefix","dispatch_subject"]},"dependencies":null},"graph-clustering":{"name":"graph-clustering","type":"processor","protocol":"nats","domain":"graph","description":"Graph community detection and clustering processor","version":"1.0.0","schema":{"properties":{"allow_ungated_reads":{"type":"bool","description":"Allow detection when graph-index readiness is unknown (standalone only; never during cutover)","category":"advanced"},"anomaly_config":{"type":"object","description":"Configuration for anomaly detection","category":"advanced","properties":{"core_anomaly":{"type":"object","description":"core_anomaly","properties":{"enabled":{"type":"bool","description":"enabled"},"hub_isolation_threshold":{"type":"float","description":"hub_isolation_threshold"},"min_core_for_hub_analysis":{"type":"int","description":"min_core_for_hub_analysis"},"min_demotion_delta":{"type":"int","description":"min_demotion_delta"},"track_core_demotions":{"type":"bool","description":"track_core_demotions"}}},"detection_timeout":{"type":"int","description":"detection_timeout"},"enabled":{"type":"bool","description":"enabled"},"max_anomalies_per_run":{"type":"int","description":"max_anomalies_per_run"},"review":{"type":"object","description":"review","properties":{"auto_approve_threshold":{"type":"float","description":"auto_approve_threshold"},"auto_reject_threshold":{"type":"float","description":"auto_reject_threshold"},"batch_size":{"type":"int","description":"batch_size"},"enabled":{"type":"bool","description":"enabled"},"fallback_to_human":{"type":"bool","description":"fallback_to_human"},"llm":{"type":"object","description":"llm","properties":{"api_key":{"type":"string","description":"api_key"},"base_url":{"type":"string","description":"base_url"},"domain":{"type":"string","description":"domain"},"max_retries":{"type":"int","description":"max_retries"},"model":{"type":"string","description":"model"},"prompts_file":{"type":"string","description":"prompts_file"},"provider":{"type":"string","description":"provider"},"timeout_seconds":{"type":"int","description":"timeout_seconds"}}},"review_timeout":{"type":"int","description":"review_timeout"},"workers":{"type":"int","description":"workers"}}},"run_with_community_detection":{"type":"bool","description":"run_with_community_detection"},"semantic_gap":{"type":"object","description":"semantic_gap","properties":{"enabled":{"type":"bool","description":"enabled"},"max_candidates_per_entity":{"type":"int","description":"max_candidates_per_entity"},"max_gaps_per_entity":{"type":"int","description":"max_gaps_per_entity"},"min_semantic_similarity":{"type":"float","description":"min_semantic_similarity"},"min_structural_distance":{"type":"int","description":"min_structural_distance"}}},"storage":{"type":"object","description":"storage","properties":{"cleanup_interval":{"type":"int","description":"cleanup_interval"},"retention_days":{"type":"int","description":"retention_days"}}},"transitivity":{"type":"object","description":"transitivity","properties":{"enabled":{"type":"bool","description":"enabled"},"max_intermediate_hops":{"type":"int","description":"max_intermediate_hops"},"min_expected_transitivity":{"type":"int","description":"min_expected_transitivity"},"transitive_predicates":{"type":"array","description":"transitive_predicates","items":{"type":"string","description":""}}}},"virtual_edges":{"type":"object","description":"virtual_edges","properties":{"auto_apply":{"type":"object","description":"auto_apply","properties":{"enabled":{"type":"bool","description":"enabled"},"min_confidence":{"type":"float","description":"min_confidence"},"predicate_template":{"type":"string","description":"predicate_template"}}},"review_queue":{"type":"object","description":"review_queue","properties":{"enabled":{"type":"bool","description":"enabled"},"max_confidence":{"type":"float","description":"max_confidence"},"min_confidence":{"type":"float","description":"min_confidence"},"require_llm_classification":{"type":"bool","description":"require_llm_classification"}}}}}}},"batch_size":{"type":"int","description":"Event count threshold for triggering detection","category":"basic"},"detection_interval":{"type":"string","description":"Interval between community detection runs (e.g. 30s or 5m)","category":"basic"},"enable_anomaly_detection":{"type":"bool","description":"Enable anomaly detection after structural computation","category":"advanced"},"enable_llm":{"type":"bool","description":"Enable LLM-based community summarization (requires model registry with community_summary capability)","category":"advanced"},"enhancement_workers":{"type":"int","description":"Number of parallel workers for LLM enhancement (default 5)","category":"advanced"},"entity_id_edges":{"type":"object","description":"EntityID virtual-edge synthesis for community detection; omit to keep defaults (siblings + system-peers on)","category":"advanced","properties":{"include_siblings":{"type":"bool","description":"Synthesize sibling edges between entities sharing the 5-part type prefix (default true); set false to run detection on explicit topology alone"},"include_system_peers":{"type":"bool","description":"Synthesize system-peer edges between entities sharing the same system (default true)"},"max_siblings":{"type":"int","description":"Max sibling neighbors synthesized per entity (default 10)"},"max_system_peers":{"type":"int","description":"Max system-peer neighbors synthesized per entity (default 15)"}}},"max_iterations":{"type":"int","description":"Maximum iterations for LPA algorithm","category":"advanced"},"min_community_size":{"type":"int","description":"Minimum number of entities to form a community","category":"advanced"},"ports":{"type":"ports","description":"Port configuration","category":"basic","portFields":{"config":{"type":"object","editable":true,"variants":{"file":{"type":"object","editable":true,"required":["kind","path"],"directions":["input","output"],"properties":{"kind":{"type":"enum","editable":false,"enum":["file"]},"path":{"type":"string","editable":true},"pattern":{"type":"string","editable":true}},"additionalProperties":false},"http-client":{"type":"object","editable":true,"required":["kind","method","url_pattern"],"directions":["input"],"properties":{"auth_ref":{"type":"string","editable":true},"contact_policy":{"type":"string","editable":true},"interface":{"type":"object","editable":true,"required":["type"],"properties":{"compatible":{"type":"array","editable":true,"items":{"type":"string","editable":true}},"type":{"type":"string","editable":true},"version":{"type":"string","editable":true}},"additionalProperties":false},"kind":{"type":"enum","editable":false,"enum":["http-client"]},"method":{"type":"string","editable":true},"trigger_port":{"type":"string","editable":true},"url_pattern":{"type":"string","editable":true}},"additionalProperties":false},"jetstream":{"type":"object","editable":true,"required":["kind","subjects"],"requiredByDirection":{"input":["stream_name"]},"directions":["input","output"],"properties":{"ack_policy":{"type":"string","editable":true},"ack_wait":{"type":"string","editable":true},"consumer_name":{"type":"string","editable":true},"deliver_policy":{"type":"string","editable":true},"heartbeat_interval":{"type":"string","editable":true},"interface":{"type":"object","editable":true,"required":["type"],"properties":{"compatible":{"type":"array","editable":true,"items":{"type":"string","editable":true}},"type":{"type":"string","editable":true},"version":{"type":"string","editable":true}},"additionalProperties":false},"kind":{"type":"enum","editable":false,"enum":["jetstream"]},"max_ack_pending":{"type":"int","editable":true},"max_deliver":{"type":"int","editable":true},"max_size_gb":{"type":"int","editable":true},"replicas":{"type":"int","editable":true},"retention":{"type":"string","editable":true},"retention_days":{"type":"int","editable":true},"storage":{"type":"string","editable":true},"stream_name":{"type":"string","editable":true},"subjects":{"type":"array","editable":true,"items":{"type":"string","editable":true}}},"additionalProperties":false},"kv-read":{"type":"object","editable":true,"required":["kind","bucket"],"directions":["input"],"properties":{"bucket":{"type":"string","editable":true},"interface":{"type":"object","editable":true,"required":["type"],"properties":{"compatible":{"type":"array","editable":true,"items":{"type":"string","editable":true}},"type":{"type":"string","editable":true},"version":{"type":"string","editable":true}},"additionalProperties":false},"kind":{"type":"enum","editable":false,"enum":["kv-read"]}},"additionalProperties":false},"kv-watch":{"type":"object","editable":true,"required":["kind","bucket"],"directions":["input"],"properties":{"bucket":{"type":"string","editable":true},"history":{"type":"bool","editable":true},"interface":{"type":"object","editable":true,"required":["type"],"properties":{"compatible":{"type":"array","editable":true,"items":{"type":"string","editable":true}},"type":{"type":"string","editable":true},"version":{"type":"string","editable":true}},"additionalProperties":false},"keys":{"type":"array","editable":true,"items":{"type":"string","editable":true}},"kind":{"type":"enum","editable":false,"enum":["kv-watch"]}},"additionalProperties":false},"kv-write":{"type":"object","editable":true,"required":["kind","bucket"],"directions":["output"],"properties":{"bucket":{"type":"string","editable":true},"interface":{"type":"object","editable":true,"required":["type"],"properties":{"compatible":{"type":"array","editable":true,"items":{"type":"string","editable":true}},"type":{"type":"string","editable":true},"version":{"type":"string","editable":true}},"additionalProperties":false},"kind":{"type":"enum","editable":false,"enum":["kv-write"]}},"additionalProperties":false},"nats":{"type":"object","editable":true,"required":["kind","subject"],"directions":["input","output"],"properties":{"interface":{"type":"object","editable":true,"required":["type"],"properties":{"compatible":{"type":"array","editable":true,"items":{"type":"string","editable":true}},"type":{"type":"string","editable":true},"version":{"type":"string","editable":true}},"additionalProperties":false},"kind":{"type":"enum","editable":false,"enum":["nats"]},"queue":{"type":"string","editable":true},"subject":{"type":"string","editable":true}},"additionalProperties":false},"nats-request":{"type":"object","editable":true,"required":["kind","subject"],"directions":["input","output"],"properties":{"interface":{"type":"object","editable":true,"required":["type"],"properties":{"compatible":{"type":"array","editable":true,"items":{"type":"string","editable":true}},"type":{"type":"string","editable":true},"version":{"type":"string","editable":true}},"additionalProperties":false},"kind":{"type":"enum","editable":false,"enum":["nats-request"]},"retries":{"type":"int","editable":true},"subject":{"type":"string","editable":true},"timeout":{"type":"string","editable":true}},"additionalProperties":false},"network":{"type":"object","editable":true,"required":["kind","protocol","port"],"directions":["input","output"],"properties":{"host":{"type":"string","editable":true},"kind":{"type":"enum","editable":false,"enum":["network"]},"port":{"type":"int","editable":true},"protocol":{"type":"string","editable":true}},"additionalProperties":false},"store-provide":{"type":"object","editable":true,"required":["kind","instance"],"directions":["output"],"properties":{"instance":{"type":"string","editable":true},"kind":{"type":"enum","editable":false,"enum":["store-provide"]}},"additionalProperties":false},"store-read":{"type":"object","editable":true,"required":["kind","bucket"],"directions":["input"],"properties":{"bucket":{"type":"string","editable":true},"interface":{"type":"object","editable":true,"required":["type"],"properties":{"compatible":{"type":"array","editable":true,"items":{"type":"string","editable":true}},"type":{"type":"string","editable":true},"version":{"type":"string","editable":true}},"additionalProperties":false},"kind":{"type":"enum","editable":false,"enum":["store-read"]}},"additionalProperties":false},"timer":{"type":"object","editable":true,"required":["kind","interval"],"directions":["input"],"properties":{"interface":{"type":"object","editable":true,"required":["type"],"properties":{"compatible":{"type":"array","editable":true,"items":{"type":"string","editable":true}},"type":{"type":"string","editable":true},"version":{"type":"string","editable":true}},"additionalProperties":false},"interval":{"type":"string","editable":true},"kind":{"type":"enum","editable":false,"enum":["timer"]}},"additionalProperties":false}}},"description":{"type":"string","editable":false},"name":{"type":"string","editable":false},"required":{"type":"bool","editable":false}}},"semantic_edges":{"type":"object","description":"Semantic co-location virtual-edge synthesis (mutual-kNN); omit to keep OFF (default)","category":"advanced","properties":{"enable_semantic_edges":{"type":"bool","description":"Enable semantic co-location (mutual-kNN) virtual edges in community detection (default false; enabling also rebalances the structural edge caps so the tier competes)"},"semantic_max_neighbors":{"type":"int","description":"Mutual-kNN k — per-direction top-k candidate set size; bounds per-entity semantic degree (starting value 8)"}}},"startup_attempts":{"type":"int","description":"Max attempts to wait for dependencies at startup","category":"advanced"},"startup_interval_ms":{"type":"int","description":"Interval between startup attempts in milliseconds","category":"advanced"}},"required":[]},"dependencies":null},"graph-embedding":{"name":"graph-embedding","type":"processor","protocol":"nats","domain":"graph","description":"Graph entity embedding generation processor","version":"1.0.0","schema":{"properties":{"batch_size":{"type":"int","description":"Batch size for embedding generation","category":"advanced"},"coalesce_ms":{"type":"int","description":"Debounce window for entity updates in ms. 0=immediate processing","category":"advanced"},"embedder_type":{"type":"string","description":"Embedder type (bm25 or http). HTTP requires model registry with embedding capability","category":"basic"},"max_text_len":{"type":"int","description":"Max characters of source text embedded per entity; text beyond is truncated at a word boundary. 0 uses a per-embedder default (4000 bm25 / 8000 neural)","minimum":0,"maximum":1000000,"category":"advanced"},"ports":{"type":"ports","description":"Port configuration","category":"basic","portFields":{"config":{"type":"object","editable":true,"variants":{"file":{"type":"object","editable":true,"required":["kind","path"],"directions":["input","output"],"properties":{"kind":{"type":"enum","editable":false,"enum":["file"]},"path":{"type":"string","editable":true},"pattern":{"type":"string","editable":true}},"additionalProperties":false},"http-client":{"type":"object","editable":true,"required":["kind","method","url_pattern"],"directions":["input"],"properties":{"auth_ref":{"type":"string","editable":true},"contact_policy":{"type":"string","editable":true},"interface":{"type":"object","editable":true,"required":["type"],"properties":{"compatible":{"type":"array","editable":true,"items":{"type":"string","editable":true}},"type":{"type":"string","editable":true},"version":{"type":"string","editable":true}},"additionalProperties":false},"kind":{"type":"enum","editable":false,"enum":["http-client"]},"method":{"type":"string","editable":true},"trigger_port":{"type":"string","editable":true},"url_pattern":{"type":"string","editable":true}},"additionalProperties":false},"jetstream":{"type":"object","editable":true,"required":["kind","subjects"],"requiredByDirection":{"input":["stream_name"]},"directions":["input","output"],"properties":{"ack_policy":{"type":"string","editable":true},"ack_wait":{"type":"string","editable":true},"consumer_name":{"type":"string","editable":true},"deliver_policy":{"type":"string","editable":true},"heartbeat_interval":{"type":"string","editable":true},"interface":{"type":"object","editable":true,"required":["type"],"properties":{"compatible":{"type":"array","editable":true,"items":{"type":"string","editable":true}},"type":{"type":"string","editable":true},"version":{"type":"string","editable":true}},"additionalProperties":false},"kind":{"type":"enum","editable":false,"enum":["jetstream"]},"max_ack_pending":{"type":"int","editable":true},"max_deliver":{"type":"int","editable":true},"max_size_gb":{"type":"int","editable":true},"replicas":{"type":"int","editable":true},"retention":{"type":"string","editable":true},"retention_days":{"type":"int","editable":true},"storage":{"type":"string","editable":true},"stream_name":{"type":"string","editable":true},"subjects":{"type":"array","editable":true,"items":{"type":"string","editable":true}}},"additionalProperties":false},"kv-read":{"type":"object","editable":true,"required":["kind","bucket"],"directions":["input"],"properties":{"bucket":{"type":"string","editable":true},"interface":{"type":"object","editable":true,"required":["type"],"properties":{"compatible":{"type":"array","editable":true,"items":{"type":"string","editable":true}},"type":{"type":"string","editable":true},"version":{"type":"string","editable":true}},"additionalProperties":false},"kind":{"type":"enum","editable":false,"enum":["kv-read"]}},"additionalProperties":false},"kv-watch":{"type":"object","editable":true,"required":["kind","bucket"],"directions":["input"],"properties":{"bucket":{"type":"string","editable":true},"history":{"type":"bool","editable":true},"interface":{"type":"object","editable":true,"required":["type"],"properties":{"compatible":{"type":"array","editable":true,"items":{"type":"string","editable":true}},"type":{"type":"string","editable":true},"version":{"type":"string","editable":true}},"additionalProperties":false},"keys":{"type":"array","editable":true,"items":{"type":"string","editable":true}},"kind":{"type":"enum","editable":false,"enum":["kv-watch"]}},"additionalProperties":false},"kv-write":{"type":"object","editable":true,"required":["kind","bucket"],"directions":["output"],"properties":{"bucket":{"type":"string","editable":true},"interface":{"type":"object","editable":true,"required":["type"],"properties":{"compatible":{"type":"array","editable":true,"items":{"type":"string","editable":true}},"type":{"type":"string","editable":true},"version":{"type":"string","editable":true}},"additionalProperties":false},"kind":{"type":"enum","editable":false,"enum":["kv-write"]}},"additionalProperties":false},"nats":{"type":"object","editable":true,"required":["kind","subject"],"directions":["input","output"],"properties":{"interface":{"type":"object","editable":true,"required":["type"],"properties":{"compatible":{"type":"array","editable":true,"items":{"type":"string","editable":true}},"type":{"type":"string","editable":true},"version":{"type":"string","editable":true}},"additionalProperties":false},"kind":{"type":"enum","editable":false,"enum":["nats"]},"queue":{"type":"string","editable":true},"subject":{"type":"string","editable":true}},"additionalProperties":false},"nats-request":{"type":"object","editable":true,"required":["kind","subject"],"directions":["input","output"],"properties":{"interface":{"type":"object","editable":true,"required":["type"],"properties":{"compatible":{"type":"array","editable":true,"items":{"type":"string","editable":true}},"type":{"type":"string","editable":true},"version":{"type":"string","editable":true}},"additionalProperties":false},"kind":{"type":"enum","editable":false,"enum":["nats-request"]},"retries":{"type":"int","editable":true},"subject":{"type":"string","editable":true},"timeout":{"type":"string","editable":true}},"additionalProperties":false},"network":{"type":"object","editable":true,"required":["kind","protocol","port"],"directions":["input","output"],"properties":{"host":{"type":"string","editable":true},"kind":{"type":"enum","editable":false,"enum":["network"]},"port":{"type":"int","editable":true},"protocol":{"type":"string","editable":true}},"additionalProperties":false},"store-provide":{"type":"object","editable":true,"required":["kind","instance"],"directions":["output"],"properties":{"instance":{"type":"string","editable":true},"kind":{"type":"enum","editable":false,"enum":["store-provide"]}},"additionalProperties":false},"store-read":{"type":"object","editable":true,"required":["kind","bucket"],"directions":["input"],"properties":{"bucket":{"type":"string","editable":true},"interface":{"type":"object","editable":true,"required":["type"],"properties":{"compatible":{"type":"array","editable":true,"items":{"type":"string","editable":true}},"type":{"type":"string","editable":true},"version":{"type":"string","editable":true}},"additionalProperties":false},"kind":{"type":"enum","editable":false,"enum":["store-read"]}},"additionalProperties":false},"timer":{"type":"object","editable":true,"required":["kind","interval"],"directions":["input"],"properties":{"interface":{"type":"object","editable":true,"required":["type"],"properties":{"compatible":{"type":"array","editable":true,"items":{"type":"string","editable":true}},"type":{"type":"string","editable":true},"version":{"type":"string","editable":true}},"additionalProperties":false},"interval":{"type":"string","editable":true},"kind":{"type":"enum","editable":false,"enum":["timer"]}},"additionalProperties":false}}},"description":{"type":"string","editable":false},"name":{"type":"string","editable":false},"required":{"type":"bool","editable":false}}},"startup_attempts":{"type":"int","description":"Max attempts to wait for dependencies at startup","category":"advanced"},"startup_interval_ms":{"type":"int","description":"Interval between startup attempts in milliseconds","category":"advanced"},"text_suffixes":{"type":"array","description":"Predicate suffixes to extract for embedding (e.g. .source_code .signature). Defaults to common text predicates","category":"advanced","items":{"type":"string","description":""}},"workers":{"type":"int","description":"Number of concurrent embedding worker goroutines","category":"advanced"}},"required":[]},"dependencies":["model-registry"]},"graph-gateway":{"name":"graph-gateway","type":"gateway","protocol":"http","domain":"graph","description":"Graph operations HTTP gateway","version":"1.0.0","schema":{"properties":{"bind_address":{"type":"string","description":"HTTP server bind address (only used when standalone_server is true)","category":"basic"},"enable_inference_api":{"type":"bool","description":"Enable inference API for anomaly review","category":"basic"},"enable_playground":{"type":"bool","description":"Enable GraphQL playground","category":"basic"},"graphql_path":{"type":"string","description":"GraphQL endpoint path","category":"basic"},"mcp_path":{"type":"string","description":"MCP endpoint path","category":"basic"},"ports":{"type":"ports","description":"Port configuration","category":"basic","portFields":{"config":{"type":"object","editable":true,"variants":{"file":{"type":"object","editable":true,"required":["kind","path"],"directions":["input","output"],"properties":{"kind":{"type":"enum","editable":false,"enum":["file"]},"path":{"type":"string","editable":true},"pattern":{"type":"string","editable":true}},"additionalProperties":false},"http-client":{"type":"object","editable":true,"required":["kind","method","url_pattern"],"directions":["input"],"properties":{"auth_ref":{"type":"string","editable":true},"contact_policy":{"type":"string","editable":true},"interface":{"type":"object","editable":true,"required":["type"],"properties":{"compatible":{"type":"array","editable":true,"items":{"type":"string","editable":true}},"type":{"type":"string","editable":true},"version":{"type":"string","editable":true}},"additionalProperties":false},"kind":{"type":"enum","editable":false,"enum":["http-client"]},"method":{"type":"string","editable":true},"trigger_port":{"type":"string","editable":true},"url_pattern":{"type":"string","editable":true}},"additionalProperties":false},"jetstream":{"type":"object","editable":true,"required":["kind","subjects"],"requiredByDirection":{"input":["stream_name"]},"directions":["input","output"],"properties":{"ack_policy":{"type":"string","editable":true},"ack_wait":{"type":"string","editable":true},"consumer_name":{"type":"string","editable":true},"deliver_policy":{"type":"string","editable":true},"heartbeat_interval":{"type":"string","editable":true},"interface":{"type":"object","editable":true,"required":["type"],"properties":{"compatible":{"type":"array","editable":true,"items":{"type":"string","editable":true}},"type":{"type":"string","editable":true},"version":{"type":"string","editable":true}},"additionalProperties":false},"kind":{"type":"enum","editable":false,"enum":["jetstream"]},"max_ack_pending":{"type":"int","editable":true},"max_deliver":{"type":"int","editable":true},"max_size_gb":{"type":"int","editable":true},"replicas":{"type":"int","editable":true},"retention":{"type":"string","editable":true},"retention_days":{"type":"int","editable":true},"storage":{"type":"string","editable":true},"stream_name":{"type":"string","editable":true},"subjects":{"type":"array","editable":true,"items":{"type":"string","editable":true}}},"additionalProperties":false},"kv-read":{"type":"object","editable":true,"required":["kind","bucket"],"directions":["input"],"properties":{"bucket":{"type":"string","editable":true},"interface":{"type":"object","editable":true,"required":["type"],"properties":{"compatible":{"type":"array","editable":true,"items":{"type":"string","editable":true}},"type":{"type":"string","editable":true},"version":{"type":"string","editable":true}},"additionalProperties":false},"kind":{"type":"enum","editable":false,"enum":["kv-read"]}},"additionalProperties":false},"kv-watch":{"type":"object","editable":true,"required":["kind","bucket"],"directions":["input"],"properties":{"bucket":{"type":"string","editable":true},"history":{"type":"bool","editable":true},"interface":{"type":"object","editable":true,"required":["type"],"properties":{"compatible":{"type":"array","editable":true,"items":{"type":"string","editable":true}},"type":{"type":"string","editable":true},"version":{"type":"string","editable":true}},"additionalProperties":false},"keys":{"type":"array","editable":true,"items":{"type":"string","editable":true}},"kind":{"type":"enum","editable":false,"enum":["kv-watch"]}},"additionalProperties":false},"kv-write":{"type":"object","editable":true,"required":["kind","bucket"],"directions":["output"],"properties":{"bucket":{"type":"string","editable":true},"interface":{"type":"object","editable":true,"required":["type"],"properties":{"compatible":{"type":"array","editable":true,"items":{"type":"string","editable":true}},"type":{"type":"string","editable":true},"version":{"type":"string","editable":true}},"additionalProperties":false},"kind":{"type":"enum","editable":false,"enum":["kv-write"]}},"additionalProperties":false},"nats":{"type":"object","editable":true,"required":["kind","subject"],"directions":["input","output"],"properties":{"interface":{"type":"object","editable":true,"required":["type"],"properties":{"compatible":{"type":"array","editable":true,"items":{"type":"string","editable":true}},"type":{"type":"string","editable":true},"version":{"type":"string","editable":true}},"additionalProperties":false},"kind":{"type":"enum","editable":false,"enum":["nats"]},"queue":{"type":"string","editable":true},"subject":{"type":"string","editable":true}},"additionalProperties":false},"nats-request":{"type":"object","editable":true,"required":["kind","subject"],"directions":["input","output"],"properties":{"interface":{"type":"object","editable":true,"required":["type"],"properties":{"compatible":{"type":"array","editable":true,"items":{"type":"string","editable":true}},"type":{"type":"string","editable":true},"version":{"type":"string","editable":true}},"additionalProperties":false},"kind":{"type":"enum","editable":false,"enum":["nats-request"]},"retries":{"type":"int","editable":true},"subject":{"type":"string","editable":true},"timeout":{"type":"string","editable":true}},"additionalProperties":false},"network":{"type":"object","editable":true,"required":["kind","protocol","port"],"directions":["input","output"],"properties":{"host":{"type":"string","editable":true},"kind":{"type":"enum","editable":false,"enum":["network"]},"port":{"type":"int","editable":true},"protocol":{"type":"string","editable":true}},"additionalProperties":false},"store-provide":{"type":"object","editable":true,"required":["kind","instance"],"directions":["output"],"properties":{"instance":{"type":"string","editable":true},"kind":{"type":"enum","editable":false,"enum":["store-provide"]}},"additionalProperties":false},"store-read":{"type":"object","editable":true,"required":["kind","bucket"],"directions":["input"],"properties":{"bucket":{"type":"string","editable":true},"interface":{"type":"object","editable":true,"required":["type"],"properties":{"compatible":{"type":"array","editable":true,"items":{"type":"string","editable":true}},"type":{"type":"string","editable":true},"version":{"type":"string","editable":true}},"additionalProperties":false},"kind":{"type":"enum","editable":false,"enum":["store-read"]}},"additionalProperties":false},"timer":{"type":"object","editable":true,"required":["kind","interval"],"directions":["input"],"properties":{"interface":{"type":"object","editable":true,"required":["type"],"properties":{"compatible":{"type":"array","editable":true,"items":{"type":"string","editable":true}},"type":{"type":"string","editable":true},"version":{"type":"string","editable":true}},"additionalProperties":false},"interval":{"type":"string","editable":true},"kind":{"type":"enum","editable":false,"enum":["timer"]}},"additionalProperties":false}}},"description":{"type":"string","editable":false},"name":{"type":"string","editable":false},"required":{"type":"bool","editable":false}}},"readiness_keys":{"type":"array","description":"GRAPH_STATUS producer keys to expose on the read-only readiness surface (empty disables it)","category":"basic","items":{"type":"string","description":""}},"readiness_path":{"type":"string","description":"Path for the read-only readiness surface","category":"basic"},"standalone_server":{"type":"bool","description":"Create a standalone HTTP server (for tests/development). When false ServiceManager provides HTTP serving","category":"basic"}},"required":[]},"dependencies":null},"graph-index":{"name":"graph-index","type":"processor","protocol":"nats","domain":"graph","description":"Graph relationship index maintenance processor","version":"1.0.0","schema":{"properties":{"batch_size":{"type":"int","description":"Batch size for index updates","category":"advanced"},"coalesce_ms":{"type":"int","description":"Debounce window for entity updates in ms. 0=immediate processing","category":"advanced"},"ports":{"type":"ports","description":"Port configuration","category":"basic","portFields":{"config":{"type":"object","editable":true,"variants":{"file":{"type":"object","editable":true,"required":["kind","path"],"directions":["input","output"],"properties":{"kind":{"type":"enum","editable":false,"enum":["file"]},"path":{"type":"string","editable":true},"pattern":{"type":"string","editable":true}},"additionalProperties":false},"http-client":{"type":"object","editable":true,"required":["kind","method","url_pattern"],"directions":["input"],"properties":{"auth_ref":{"type":"string","editable":true},"contact_policy":{"type":"string","editable":true},"interface":{"type":"object","editable":true,"required":["type"],"properties":{"compatible":{"type":"array","editable":true,"items":{"type":"string","editable":true}},"type":{"type":"string","editable":true},"version":{"type":"string","editable":true}},"additionalProperties":false},"kind":{"type":"enum","editable":false,"enum":["http-client"]},"method":{"type":"string","editable":true},"trigger_port":{"type":"string","editable":true},"url_pattern":{"type":"string","editable":true}},"additionalProperties":false},"jetstream":{"type":"object","editable":true,"required":["kind","subjects"],"requiredByDirection":{"input":["stream_name"]},"directions":["input","output"],"properties":{"ack_policy":{"type":"string","editable":true},"ack_wait":{"type":"string","editable":true},"consumer_name":{"type":"string","editable":true},"deliver_policy":{"type":"string","editable":true},"heartbeat_interval":{"type":"string","editable":true},"interface":{"type":"object","editable":true,"required":["type"],"properties":{"compatible":{"type":"array","editable":true,"items":{"type":"string","editable":true}},"type":{"type":"string","editable":true},"version":{"type":"string","editable":true}},"additionalProperties":false},"kind":{"type":"enum","editable":false,"enum":["jetstream"]},"max_ack_pending":{"type":"int","editable":true},"max_deliver":{"type":"int","editable":true},"max_size_gb":{"type":"int","editable":true},"replicas":{"type":"int","editable":true},"retention":{"type":"string","editable":true},"retention_days":{"type":"int","editable":true},"storage":{"type":"string","editable":true},"stream_name":{"type":"string","editable":true},"subjects":{"type":"array","editable":true,"items":{"type":"string","editable":true}}},"additionalProperties":false},"kv-read":{"type":"object","editable":true,"required":["kind","bucket"],"directions":["input"],"properties":{"bucket":{"type":"string","editable":true},"interface":{"type":"object","editable":true,"required":["type"],"properties":{"compatible":{"type":"array","editable":true,"items":{"type":"string","editable":true}},"type":{"type":"string","editable":true},"version":{"type":"string","editable":true}},"additionalProperties":false},"kind":{"type":"enum","editable":false,"enum":["kv-read"]}},"additionalProperties":false},"kv-watch":{"type":"object","editable":true,"required":["kind","bucket"],"directions":["input"],"properties":{"bucket":{"type":"string","editable":true},"history":{"type":"bool","editable":true},"interface":{"type":"object","editable":true,"required":["type"],"properties":{"compatible":{"type":"array","editable":true,"items":{"type":"string","editable":true}},"type":{"type":"string","editable":true},"version":{"type":"string","editable":true}},"additionalProperties":false},"keys":{"type":"array","editable":true,"items":{"type":"string","editable":true}},"kind":{"type":"enum","editable":false,"enum":["kv-watch"]}},"additionalProperties":false},"kv-write":{"type":"object","editable":true,"required":["kind","bucket"],"directions":["output"],"properties":{"bucket":{"type":"string","editable":true},"interface":{"type":"object","editable":true,"required":["type"],"properties":{"compatible":{"type":"array","editable":true,"items":{"type":"string","editable":true}},"type":{"type":"string","editable":true},"version":{"type":"string","editable":true}},"additionalProperties":false},"kind":{"type":"enum","editable":false,"enum":["kv-write"]}},"additionalProperties":false},"nats":{"type":"object","editable":true,"required":["kind","subject"],"directions":["input","output"],"properties":{"interface":{"type":"object","editable":true,"required":["type"],"properties":{"compatible":{"type":"array","editable":true,"items":{"type":"string","editable":true}},"type":{"type":"string","editable":true},"version":{"type":"string","editable":true}},"additionalProperties":false},"kind":{"type":"enum","editable":false,"enum":["nats"]},"queue":{"type":"string","editable":true},"subject":{"type":"string","editable":true}},"additionalProperties":false},"nats-request":{"type":"object","editable":true,"required":["kind","subject"],"directions":["input","output"],"properties":{"interface":{"type":"object","editable":true,"required":["type"],"properties":{"compatible":{"type":"array","editable":true,"items":{"type":"string","editable":true}},"type":{"type":"string","editable":true},"version":{"type":"string","editable":true}},"additionalProperties":false},"kind":{"type":"enum","editable":false,"enum":["nats-request"]},"retries":{"type":"int","editable":true},"subject":{"type":"string","editable":true},"timeout":{"type":"string","editable":true}},"additionalProperties":false},"network":{"type":"object","editable":true,"required":["kind","protocol","port"],"directions":["input","output"],"properties":{"host":{"type":"string","editable":true},"kind":{"type":"enum","editable":false,"enum":["network"]},"port":{"type":"int","editable":true},"protocol":{"type":"string","editable":true}},"additionalProperties":false},"store-provide":{"type":"object","editable":true,"required":["kind","instance"],"directions":["output"],"properties":{"instance":{"type":"string","editable":true},"kind":{"type":"enum","editable":false,"enum":["store-provide"]}},"additionalProperties":false},"store-read":{"type":"object","editable":true,"required":["kind","bucket"],"directions":["input"],"properties":{"bucket":{"type":"string","editable":true},"interface":{"type":"object","editable":true,"required":["type"],"properties":{"compatible":{"type":"array","editable":true,"items":{"type":"string","editable":true}},"type":{"type":"string","editable":true},"version":{"type":"string","editable":true}},"additionalProperties":false},"kind":{"type":"enum","editable":false,"enum":["store-read"]}},"additionalProperties":false},"timer":{"type":"object","editable":true,"required":["kind","interval"],"directions":["input"],"properties":{"interface":{"type":"object","editable":true,"required":["type"],"properties":{"compatible":{"type":"array","editable":true,"items":{"type":"string","editable":true}},"type":{"type":"string","editable":true},"version":{"type":"string","editable":true}},"additionalProperties":false},"interval":{"type":"string","editable":true},"kind":{"type":"enum","editable":false,"enum":["timer"]}},"additionalProperties":false}}},"description":{"type":"string","editable":false},"name":{"type":"string","editable":false},"required":{"type":"bool","editable":false}}},"startup_attempts":{"type":"int","description":"Max attempts to wait for dependencies at startup","category":"advanced"},"startup_interval_ms":{"type":"int","description":"Interval between startup attempts in milliseconds","category":"advanced"},"workers":{"type":"int","description":"Number of worker goroutines","category":"advanced"}},"required":[]},"dependencies":null},"graph-index-spatial":{"name":"graph-index-spatial","type":"processor","protocol":"nats","domain":"graph","description":"Graph spatial indexing processor for geospatial queries","version":"1.0.0","schema":{"properties":{"batch_size":{"type":"int","description":"Event batch size","category":"basic"},"geohash_precision":{"type":"int","description":"Geohash precision (1-12)","category":"basic"},"ports":{"type":"ports","description":"Port configuration","category":"basic","portFields":{"config":{"type":"object","editable":true,"variants":{"file":{"type":"object","editable":true,"required":["kind","path"],"directions":["input","output"],"properties":{"kind":{"type":"enum","editable":false,"enum":["file"]},"path":{"type":"string","editable":true},"pattern":{"type":"string","editable":true}},"additionalProperties":false},"http-client":{"type":"object","editable":true,"required":["kind","method","url_pattern"],"directions":["input"],"properties":{"auth_ref":{"type":"string","editable":true},"contact_policy":{"type":"string","editable":true},"interface":{"type":"object","editable":true,"required":["type"],"properties":{"compatible":{"type":"array","editable":true,"items":{"type":"string","editable":true}},"type":{"type":"string","editable":true},"version":{"type":"string","editable":true}},"additionalProperties":false},"kind":{"type":"enum","editable":false,"enum":["http-client"]},"method":{"type":"string","editable":true},"trigger_port":{"type":"string","editable":true},"url_pattern":{"type":"string","editable":true}},"additionalProperties":false},"jetstream":{"type":"object","editable":true,"required":["kind","subjects"],"requiredByDirection":{"input":["stream_name"]},"directions":["input","output"],"properties":{"ack_policy":{"type":"string","editable":true},"ack_wait":{"type":"string","editable":true},"consumer_name":{"type":"string","editable":true},"deliver_policy":{"type":"string","editable":true},"heartbeat_interval":{"type":"string","editable":true},"interface":{"type":"object","editable":true,"required":["type"],"properties":{"compatible":{"type":"array","editable":true,"items":{"type":"string","editable":true}},"type":{"type":"string","editable":true},"version":{"type":"string","editable":true}},"additionalProperties":false},"kind":{"type":"enum","editable":false,"enum":["jetstream"]},"max_ack_pending":{"type":"int","editable":true},"max_deliver":{"type":"int","editable":true},"max_size_gb":{"type":"int","editable":true},"replicas":{"type":"int","editable":true},"retention":{"type":"string","editable":true},"retention_days":{"type":"int","editable":true},"storage":{"type":"string","editable":true},"stream_name":{"type":"string","editable":true},"subjects":{"type":"array","editable":true,"items":{"type":"string","editable":true}}},"additionalProperties":false},"kv-read":{"type":"object","editable":true,"required":["kind","bucket"],"directions":["input"],"properties":{"bucket":{"type":"string","editable":true},"interface":{"type":"object","editable":true,"required":["type"],"properties":{"compatible":{"type":"array","editable":true,"items":{"type":"string","editable":true}},"type":{"type":"string","editable":true},"version":{"type":"string","editable":true}},"additionalProperties":false},"kind":{"type":"enum","editable":false,"enum":["kv-read"]}},"additionalProperties":false},"kv-watch":{"type":"object","editable":true,"required":["kind","bucket"],"directions":["input"],"properties":{"bucket":{"type":"string","editable":true},"history":{"type":"bool","editable":true},"interface":{"type":"object","editable":true,"required":["type"],"properties":{"compatible":{"type":"array","editable":true,"items":{"type":"string","editable":true}},"type":{"type":"string","editable":true},"version":{"type":"string","editable":true}},"additionalProperties":false},"keys":{"type":"array","editable":true,"items":{"type":"string","editable":true}},"kind":{"type":"enum","editable":false,"enum":["kv-watch"]}},"additionalProperties":false},"kv-write":{"type":"object","editable":true,"required":["kind","bucket"],"directions":["output"],"properties":{"bucket":{"type":"string","editable":true},"interface":{"type":"object","editable":true,"required":["type"],"properties":{"compatible":{"type":"array","editable":true,"items":{"type":"string","editable":true}},"type":{"type":"string","editable":true},"version":{"type":"string","editable":true}},"additionalProperties":false},"kind":{"type":"enum","editable":false,"enum":["kv-write"]}},"additionalProperties":false},"nats":{"type":"object","editable":true,"required":["kind","subject"],"directions":["input","output"],"properties":{"interface":{"type":"object","editable":true,"required":["type"],"properties":{"compatible":{"type":"array","editable":true,"items":{"type":"string","editable":true}},"type":{"type":"string","editable":true},"version":{"type":"string","editable":true}},"additionalProperties":false},"kind":{"type":"enum","editable":false,"enum":["nats"]},"queue":{"type":"string","editable":true},"subject":{"type":"string","editable":true}},"additionalProperties":false},"nats-request":{"type":"object","editable":true,"required":["kind","subject"],"directions":["input","output"],"properties":{"interface":{"type":"object","editable":true,"required":["type"],"properties":{"compatible":{"type":"array","editable":true,"items":{"type":"string","editable":true}},"type":{"type":"string","editable":true},"version":{"type":"string","editable":true}},"additionalProperties":false},"kind":{"type":"enum","editable":false,"enum":["nats-request"]},"retries":{"type":"int","editable":true},"subject":{"type":"string","editable":true},"timeout":{"type":"string","editable":true}},"additionalProperties":false},"network":{"type":"object","editable":true,"required":["kind","protocol","port"],"directions":["input","output"],"properties":{"host":{"type":"string","editable":true},"kind":{"type":"enum","editable":false,"enum":["network"]},"port":{"type":"int","editable":true},"protocol":{"type":"string","editable":true}},"additionalProperties":false},"store-provide":{"type":"object","editable":true,"required":["kind","instance"],"directions":["output"],"properties":{"instance":{"type":"string","editable":true},"kind":{"type":"enum","editable":false,"enum":["store-provide"]}},"additionalProperties":false},"store-read":{"type":"object","editable":true,"required":["kind","bucket"],"directions":["input"],"properties":{"bucket":{"type":"string","editable":true},"interface":{"type":"object","editable":true,"required":["type"],"properties":{"compatible":{"type":"array","editable":true,"items":{"type":"string","editable":true}},"type":{"type":"string","editable":true},"version":{"type":"string","editable":true}},"additionalProperties":false},"kind":{"type":"enum","editable":false,"enum":["store-read"]}},"additionalProperties":false},"timer":{"type":"object","editable":true,"required":["kind","interval"],"directions":["input"],"properties":{"interface":{"type":"object","editable":true,"required":["type"],"properties":{"compatible":{"type":"array","editable":true,"items":{"type":"string","editable":true}},"type":{"type":"string","editable":true},"version":{"type":"string","editable":true}},"additionalProperties":false},"interval":{"type":"string","editable":true},"kind":{"type":"enum","editable":false,"enum":["timer"]}},"additionalProperties":false}}},"description":{"type":"string","editable":false},"name":{"type":"string","editable":false},"required":{"type":"bool","editable":false}}},"startup_attempts":{"type":"int","description":"Max attempts to wait for dependencies at startup","category":"advanced"},"startup_interval_ms":{"type":"int","description":"Interval between startup attempts in milliseconds","category":"advanced"},"workers":{"type":"int","description":"Number of worker goroutines","category":"basic"}},"required":[]},"dependencies":null},"graph-index-temporal":{"name":"graph-index-temporal","type":"processor","protocol":"nats","domain":"graph","description":"Graph temporal indexing processor","version":"1.0.0","schema":{"properties":{"batch_size":{"type":"int","description":"Batch size for processing","category":"advanced"},"ports":{"type":"ports","description":"Port configuration","category":"basic","portFields":{"config":{"type":"object","editable":true,"variants":{"file":{"type":"object","editable":true,"required":["kind","path"],"directions":["input","output"],"properties":{"kind":{"type":"enum","editable":false,"enum":["file"]},"path":{"type":"string","editable":true},"pattern":{"type":"string","editable":true}},"additionalProperties":false},"http-client":{"type":"object","editable":true,"required":["kind","method","url_pattern"],"directions":["input"],"properties":{"auth_ref":{"type":"string","editable":true},"contact_policy":{"type":"string","editable":true},"interface":{"type":"object","editable":true,"required":["type"],"properties":{"compatible":{"type":"array","editable":true,"items":{"type":"string","editable":true}},"type":{"type":"string","editable":true},"version":{"type":"string","editable":true}},"additionalProperties":false},"kind":{"type":"enum","editable":false,"enum":["http-client"]},"method":{"type":"string","editable":true},"trigger_port":{"type":"string","editable":true},"url_pattern":{"type":"string","editable":true}},"additionalProperties":false},"jetstream":{"type":"object","editable":true,"required":["kind","subjects"],"requiredByDirection":{"input":["stream_name"]},"directions":["input","output"],"properties":{"ack_policy":{"type":"string","editable":true},"ack_wait":{"type":"string","editable":true},"consumer_name":{"type":"string","editable":true},"deliver_policy":{"type":"string","editable":true},"heartbeat_interval":{"type":"string","editable":true},"interface":{"type":"object","editable":true,"required":["type"],"properties":{"compatible":{"type":"array","editable":true,"items":{"type":"string","editable":true}},"type":{"type":"string","editable":true},"version":{"type":"string","editable":true}},"additionalProperties":false},"kind":{"type":"enum","editable":false,"enum":["jetstream"]},"max_ack_pending":{"type":"int","editable":true},"max_deliver":{"type":"int","editable":true},"max_size_gb":{"type":"int","editable":true},"replicas":{"type":"int","editable":true},"retention":{"type":"string","editable":true},"retention_days":{"type":"int","editable":true},"storage":{"type":"string","editable":true},"stream_name":{"type":"string","editable":true},"subjects":{"type":"array","editable":true,"items":{"type":"string","editable":true}}},"additionalProperties":false},"kv-read":{"type":"object","editable":true,"required":["kind","bucket"],"directions":["input"],"properties":{"bucket":{"type":"string","editable":true},"interface":{"type":"object","editable":true,"required":["type"],"properties":{"compatible":{"type":"array","editable":true,"items":{"type":"string","editable":true}},"type":{"type":"string","editable":true},"version":{"type":"string","editable":true}},"additionalProperties":false},"kind":{"type":"enum","editable":false,"enum":["kv-read"]}},"additionalProperties":false},"kv-watch":{"type":"object","editable":true,"required":["kind","bucket"],"directions":["input"],"properties":{"bucket":{"type":"string","editable":true},"history":{"type":"bool","editable":true},"interface":{"type":"object","editable":true,"required":["type"],"properties":{"compatible":{"type":"array","editable":true,"items":{"type":"string","editable":true}},"type":{"type":"string","editable":true},"version":{"type":"string","editable":true}},"additionalProperties":false},"keys":{"type":"array","editable":true,"items":{"type":"string","editable":true}},"kind":{"type":"enum","editable":false,"enum":["kv-watch"]}},"additionalProperties":false},"kv-write":{"type":"object","editable":true,"required":["kind","bucket"],"directions":["output"],"properties":{"bucket":{"type":"string","editable":true},"interface":{"type":"object","editable":true,"required":["type"],"properties":{"compatible":{"type":"array","editable":true,"items":{"type":"string","editable":true}},"type":{"type":"string","editable":true},"version":{"type":"string","editable":true}},"additionalProperties":false},"kind":{"type":"enum","editable":false,"enum":["kv-write"]}},"additionalProperties":false},"nats":{"type":"object","editable":true,"required":["kind","subject"],"directions":["input","output"],"properties":{"interface":{"type":"object","editable":true,"required":["type"],"properties":{"compatible":{"type":"array","editable":true,"items":{"type":"string","editable":true}},"type":{"type":"string","editable":true},"version":{"type":"string","editable":true}},"additionalProperties":false},"kind":{"type":"enum","editable":false,"enum":["nats"]},"queue":{"type":"string","editable":true},"subject":{"type":"string","editable":true}},"additionalProperties":false},"nats-request":{"type":"object","editable":true,"required":["kind","subject"],"directions":["input","output"],"properties":{"interface":{"type":"object","editable":true,"required":["type"],"properties":{"compatible":{"type":"array","editable":true,"items":{"type":"string","editable":true}},"type":{"type":"string","editable":true},"version":{"type":"string","editable":true}},"additionalProperties":false},"kind":{"type":"enum","editable":false,"enum":["nats-request"]},"retries":{"type":"int","editable":true},"subject":{"type":"string","editable":true},"timeout":{"type":"string","editable":true}},"additionalProperties":false},"network":{"type":"object","editable":true,"required":["kind","protocol","port"],"directions":["input","output"],"properties":{"host":{"type":"string","editable":true},"kind":{"type":"enum","editable":false,"enum":["network"]},"port":{"type":"int","editable":true},"protocol":{"type":"string","editable":true}},"additionalProperties":false},"store-provide":{"type":"object","editable":true,"required":["kind","instance"],"directions":["output"],"properties":{"instance":{"type":"string","editable":true},"kind":{"type":"enum","editable":false,"enum":["store-provide"]}},"additionalProperties":false},"store-read":{"type":"object","editable":true,"required":["kind","bucket"],"directions":["input"],"properties":{"bucket":{"type":"string","editable":true},"interface":{"type":"object","editable":true,"required":["type"],"properties":{"compatible":{"type":"array","editable":true,"items":{"type":"string","editable":true}},"type":{"type":"string","editable":true},"version":{"type":"string","editable":true}},"additionalProperties":false},"kind":{"type":"enum","editable":false,"enum":["store-read"]}},"additionalProperties":false},"timer":{"type":"object","editable":true,"required":["kind","interval"],"directions":["input"],"properties":{"interface":{"type":"object","editable":true,"required":["type"],"properties":{"compatible":{"type":"array","editable":true,"items":{"type":"string","editable":true}},"type":{"type":"string","editable":true},"version":{"type":"string","editable":true}},"additionalProperties":false},"interval":{"type":"string","editable":true},"kind":{"type":"enum","editable":false,"enum":["timer"]}},"additionalProperties":false}}},"description":{"type":"string","editable":false},"name":{"type":"string","editable":false},"required":{"type":"bool","editable":false}}},"startup_attempts":{"type":"int","description":"Max attempts to wait for dependencies at startup","category":"advanced"},"startup_interval_ms":{"type":"int","description":"Interval between startup attempts in milliseconds","category":"advanced"},"time_resolution":{"type":"string","description":"Time resolution (minute hour day)","category":"basic"},"workers":{"type":"int","description":"Number of worker goroutines","category":"advanced"}},"required":[]},"dependencies":null},"graph-ingest":{"name":"graph-ingest","type":"processor","protocol":"nats","domain":"graph","description":"Entity and triple ingestion processor","version":"1.0.0","schema":{"properties":{"enable_hierarchy":{"type":"bool","description":"Enable hierarchy inference","default":false,"category":"advanced"},"enable_type_siblings":{"type":"bool","description":"Enable sibling edges between same-type entities (default true when hierarchy enabled)","category":"advanced"},"ingest_lanes":{"type":"int","description":"Keyed-concurrent ingest lane count (same entity ID → one lane → ordered; 1 = serial)","default":8,"category":"advanced"},"ports":{"type":"ports","description":"Port configuration","category":"basic","portFields":{"config":{"type":"object","editable":true,"variants":{"file":{"type":"object","editable":true,"required":["kind","path"],"directions":["input","output"],"properties":{"kind":{"type":"enum","editable":false,"enum":["file"]},"path":{"type":"string","editable":true},"pattern":{"type":"string","editable":true}},"additionalProperties":false},"http-client":{"type":"object","editable":true,"required":["kind","method","url_pattern"],"directions":["input"],"properties":{"auth_ref":{"type":"string","editable":true},"contact_policy":{"type":"string","editable":true},"interface":{"type":"object","editable":true,"required":["type"],"properties":{"compatible":{"type":"array","editable":true,"items":{"type":"string","editable":true}},"type":{"type":"string","editable":true},"version":{"type":"string","editable":true}},"additionalProperties":false},"kind":{"type":"enum","editable":false,"enum":["http-client"]},"method":{"type":"string","editable":true},"trigger_port":{"type":"string","editable":true},"url_pattern":{"type":"string","editable":true}},"additionalProperties":false},"jetstream":{"type":"object","editable":true,"required":["kind","subjects"],"requiredByDirection":{"input":["stream_name"]},"directions":["input","output"],"properties":{"ack_policy":{"type":"string","editable":true},"ack_wait":{"type":"string","editable":true},"consumer_name":{"type":"string","editable":true},"deliver_policy":{"type":"string","editable":true},"heartbeat_interval":{"type":"string","editable":true},"interface":{"type":"object","editable":true,"required":["type"],"properties":{"compatible":{"type":"array","editable":true,"items":{"type":"string","editable":true}},"type":{"type":"string","editable":true},"version":{"type":"string","editable":true}},"additionalProperties":false},"kind":{"type":"enum","editable":false,"enum":["jetstream"]},"max_ack_pending":{"type":"int","editable":true},"max_deliver":{"type":"int","editable":true},"max_size_gb":{"type":"int","editable":true},"replicas":{"type":"int","editable":true},"retention":{"type":"string","editable":true},"retention_days":{"type":"int","editable":true},"storage":{"type":"string","editable":true},"stream_name":{"type":"string","editable":true},"subjects":{"type":"array","editable":true,"items":{"type":"string","editable":true}}},"additionalProperties":false},"kv-read":{"type":"object","editable":true,"required":["kind","bucket"],"directions":["input"],"properties":{"bucket":{"type":"string","editable":true},"interface":{"type":"object","editable":true,"required":["type"],"properties":{"compatible":{"type":"array","editable":true,"items":{"type":"string","editable":true}},"type":{"type":"string","editable":true},"version":{"type":"string","editable":true}},"additionalProperties":false},"kind":{"type":"enum","editable":false,"enum":["kv-read"]}},"additionalProperties":false},"kv-watch":{"type":"object","editable":true,"required":["kind","bucket"],"directions":["input"],"properties":{"bucket":{"type":"string","editable":true},"history":{"type":"bool","editable":true},"interface":{"type":"object","editable":true,"required":["type"],"properties":{"compatible":{"type":"array","editable":true,"items":{"type":"string","editable":true}},"type":{"type":"string","editable":true},"version":{"type":"string","editable":true}},"additionalProperties":false},"keys":{"type":"array","editable":true,"items":{"type":"string","editable":true}},"kind":{"type":"enum","editable":false,"enum":["kv-watch"]}},"additionalProperties":false},"kv-write":{"type":"object","editable":true,"required":["kind","bucket"],"directions":["output"],"properties":{"bucket":{"type":"string","editable":true},"interface":{"type":"object","editable":true,"required":["type"],"properties":{"compatible":{"type":"array","editable":true,"items":{"type":"string","editable":true}},"type":{"type":"string","editable":true},"version":{"type":"string","editable":true}},"additionalProperties":false},"kind":{"type":"enum","editable":false,"enum":["kv-write"]}},"additionalProperties":false},"nats":{"type":"object","editable":true,"required":["kind","subject"],"directions":["input","output"],"properties":{"interface":{"type":"object","editable":true,"required":["type"],"properties":{"compatible":{"type":"array","editable":true,"items":{"type":"string","editable":true}},"type":{"type":"string","editable":true},"version":{"type":"string","editable":true}},"additionalProperties":false},"kind":{"type":"enum","editable":false,"enum":["nats"]},"queue":{"type":"string","editable":true},"subject":{"type":"string","editable":true}},"additionalProperties":false},"nats-request":{"type":"object","editable":true,"required":["kind","subject"],"directions":["input","output"],"properties":{"interface":{"type":"object","editable":true,"required":["type"],"properties":{"compatible":{"type":"array","editable":true,"items":{"type":"string","editable":true}},"type":{"type":"string","editable":true},"version":{"type":"string","editable":true}},"additionalProperties":false},"kind":{"type":"enum","editable":false,"enum":["nats-request"]},"retries":{"type":"int","editable":true},"subject":{"type":"string","editable":true},"timeout":{"type":"string","editable":true}},"additionalProperties":false},"network":{"type":"object","editable":true,"required":["kind","protocol","port"],"directions":["input","output"],"properties":{"host":{"type":"string","editable":true},"kind":{"type":"enum","editable":false,"enum":["network"]},"port":{"type":"int","editable":true},"protocol":{"type":"string","editable":true}},"additionalProperties":false},"store-provide":{"type":"object","editable":true,"required":["kind","instance"],"directions":["output"],"properties":{"instance":{"type":"string","editable":true},"kind":{"type":"enum","editable":false,"enum":["store-provide"]}},"additionalProperties":false},"store-read":{"type":"object","editable":true,"required":["kind","bucket"],"directions":["input"],"properties":{"bucket":{"type":"string","editable":true},"interface":{"type":"object","editable":true,"required":["type"],"properties":{"compatible":{"type":"array","editable":true,"items":{"type":"string","editable":true}},"type":{"type":"string","editable":true},"version":{"type":"string","editable":true}},"additionalProperties":false},"kind":{"type":"enum","editable":false,"enum":["store-read"]}},"additionalProperties":false},"timer":{"type":"object","editable":true,"required":["kind","interval"],"directions":["input"],"properties":{"interface":{"type":"object","editable":true,"required":["type"],"properties":{"compatible":{"type":"array","editable":true,"items":{"type":"string","editable":true}},"type":{"type":"string","editable":true},"version":{"type":"string","editable":true}},"additionalProperties":false},"interval":{"type":"string","editable":true},"kind":{"type":"enum","editable":false,"enum":["timer"]}},"additionalProperties":false}}},"description":{"type":"string","editable":false},"name":{"type":"string","editable":false},"required":{"type":"bool","editable":false}}}},"required":[]},"dependencies":null},"graph-query":{"name":"graph-query","type":"processor","protocol":"nats","domain":"graph","description":"Query coordinator for graph subsystem","version":"1.0.0","schema":{"properties":{"max_depth":{"type":"integer","description":"Maximum traversal depth for path search queries"},"ports":{"type":"object","description":"Port configuration for input and output connections"},"query_timeout":{"type":"string","description":"Timeout for query operations (e.g., '5s', '10s')"}},"required":["ports"]},"dependencies":["model-registry"]},"http":{"name":"http","type":"gateway","protocol":"http","domain":"network","description":"HTTP gateway for bidirectional NATS request/reply","version":"0.1.0","schema":{"properties":{"cors_origins":{"type":"array","description":"Allowed origins (required for CORS)","category":"advanced","items":{"type":"string","description":""}},"enable_cors":{"type":"bool","description":"Enable CORS","category":"advanced"},"max_request_size":{"type":"int","description":"Max request size (bytes)","category":"advanced"},"routes":{"type":"array","description":"Route mappings","category":"basic","items":{"type":"object","description":"","properties":{"description":{"type":"string","description":"Route description","category":"advanced"},"method":{"type":"string","description":"HTTP method","category":"basic"},"nats_subject":{"type":"string","description":"NATS request subject","category":"basic"},"path":{"type":"string","description":"HTTP route path","category":"basic"},"timeout":{"type":"string","description":"Request timeout","default":"5s","category":"advanced"}}}}},"required":[]},"dependencies":null},"httppost":{"name":"httppost","type":"output","protocol":"httppost","domain":"network","description":"HTTP POST output for sending messages to HTTP endpoints with retries","version":"0.1.0","schema":{"properties":{"content_type":{"type":"string","description":"Content-Type","category":"basic"},"headers":{"type":"object","description":"HTTP headers","category":"advanced"},"ports":{"type":"ports","description":"Port configuration","category":"basic","portFields":{"config":{"type":"object","editable":true,"variants":{"file":{"type":"object","editable":true,"required":["kind","path"],"directions":["input","output"],"properties":{"kind":{"type":"enum","editable":false,"enum":["file"]},"path":{"type":"string","editable":true},"pattern":{"type":"string","editable":true}},"additionalProperties":false},"http-client":{"type":"object","editable":true,"required":["kind","method","url_pattern"],"directions":["input"],"properties":{"auth_ref":{"type":"string","editable":true},"contact_policy":{"type":"string","editable":true},"interface":{"type":"object","editable":true,"required":["type"],"properties":{"compatible":{"type":"array","editable":true,"items":{"type":"string","editable":true}},"type":{"type":"string","editable":true},"version":{"type":"string","editable":true}},"additionalProperties":false},"kind":{"type":"enum","editable":false,"enum":["http-client"]},"method":{"type":"string","editable":true},"trigger_port":{"type":"string","editable":true},"url_pattern":{"type":"string","editable":true}},"additionalProperties":false},"jetstream":{"type":"object","editable":true,"required":["kind","subjects"],"requiredByDirection":{"input":["stream_name"]},"directions":["input","output"],"properties":{"ack_policy":{"type":"string","editable":true},"ack_wait":{"type":"string","editable":true},"consumer_name":{"type":"string","editable":true},"deliver_policy":{"type":"string","editable":true},"heartbeat_interval":{"type":"string","editable":true},"interface":{"type":"object","editable":true,"required":["type"],"properties":{"compatible":{"type":"array","editable":true,"items":{"type":"string","editable":true}},"type":{"type":"string","editable":true},"version":{"type":"string","editable":true}},"additionalProperties":false},"kind":{"type":"enum","editable":false,"enum":["jetstream"]},"max_ack_pending":{"type":"int","editable":true},"max_deliver":{"type":"int","editable":true},"max_size_gb":{"type":"int","editable":true},"replicas":{"type":"int","editable":true},"retention":{"type":"string","editable":true},"retention_days":{"type":"int","editable":true},"storage":{"type":"string","editable":true},"stream_name":{"type":"string","editable":true},"subjects":{"type":"array","editable":true,"items":{"type":"string","editable":true}}},"additionalProperties":false},"kv-read":{"type":"object","editable":true,"required":["kind","bucket"],"directions":["input"],"properties":{"bucket":{"type":"string","editable":true},"interface":{"type":"object","editable":true,"required":["type"],"properties":{"compatible":{"type":"array","editable":true,"items":{"type":"string","editable":true}},"type":{"type":"string","editable":true},"version":{"type":"string","editable":true}},"additionalProperties":false},"kind":{"type":"enum","editable":false,"enum":["kv-read"]}},"additionalProperties":false},"kv-watch":{"type":"object","editable":true,"required":["kind","bucket"],"directions":["input"],"properties":{"bucket":{"type":"string","editable":true},"history":{"type":"bool","editable":true},"interface":{"type":"object","editable":true,"required":["type"],"properties":{"compatible":{"type":"array","editable":true,"items":{"type":"string","editable":true}},"type":{"type":"string","editable":true},"version":{"type":"string","editable":true}},"additionalProperties":false},"keys":{"type":"array","editable":true,"items":{"type":"string","editable":true}},"kind":{"type":"enum","editable":false,"enum":["kv-watch"]}},"additionalProperties":false},"kv-write":{"type":"object","editable":true,"required":["kind","bucket"],"directions":["output"],"properties":{"bucket":{"type":"string","editable":true},"interface":{"type":"object","editable":true,"required":["type"],"properties":{"compatible":{"type":"array","editable":true,"items":{"type":"string","editable":true}},"type":{"type":"string","editable":true},"version":{"type":"string","editable":true}},"additionalProperties":false},"kind":{"type":"enum","editable":false,"enum":["kv-write"]}},"additionalProperties":false},"nats":{"type":"object","editable":true,"required":["kind","subject"],"directions":["input","output"],"properties":{"interface":{"type":"object","editable":true,"required":["type"],"properties":{"compatible":{"type":"array","editable":true,"items":{"type":"string","editable":true}},"type":{"type":"string","editable":true},"version":{"type":"string","editable":true}},"additionalProperties":false},"kind":{"type":"enum","editable":false,"enum":["nats"]},"queue":{"type":"string","editable":true},"subject":{"type":"string","editable":true}},"additionalProperties":false},"nats-request":{"type":"object","editable":true,"required":["kind","subject"],"directions":["input","output"],"properties":{"interface":{"type":"object","editable":true,"required":["type"],"properties":{"compatible":{"type":"array","editable":true,"items":{"type":"string","editable":true}},"type":{"type":"string","editable":true},"version":{"type":"string","editable":true}},"additionalProperties":false},"kind":{"type":"enum","editable":false,"enum":["nats-request"]},"retries":{"type":"int","editable":true},"subject":{"type":"string","editable":true},"timeout":{"type":"string","editable":true}},"additionalProperties":false},"network":{"type":"object","editable":true,"required":["kind","protocol","port"],"directions":["input","output"],"properties":{"host":{"type":"string","editable":true},"kind":{"type":"enum","editable":false,"enum":["network"]},"port":{"type":"int","editable":true},"protocol":{"type":"string","editable":true}},"additionalProperties":false},"store-provide":{"type":"object","editable":true,"required":["kind","instance"],"directions":["output"],"properties":{"instance":{"type":"string","editable":true},"kind":{"type":"enum","editable":false,"enum":["store-provide"]}},"additionalProperties":false},"store-read":{"type":"object","editable":true,"required":["kind","bucket"],"directions":["input"],"properties":{"bucket":{"type":"string","editable":true},"interface":{"type":"object","editable":true,"required":["type"],"properties":{"compatible":{"type":"array","editable":true,"items":{"type":"string","editable":true}},"type":{"type":"string","editable":true},"version":{"type":"string","editable":true}},"additionalProperties":false},"kind":{"type":"enum","editable":false,"enum":["store-read"]}},"additionalProperties":false},"timer":{"type":"object","editable":true,"required":["kind","interval"],"directions":["input"],"properties":{"interface":{"type":"object","editable":true,"required":["type"],"properties":{"compatible":{"type":"array","editable":true,"items":{"type":"string","editable":true}},"type":{"type":"string","editable":true},"version":{"type":"string","editable":true}},"additionalProperties":false},"interval":{"type":"string","editable":true},"kind":{"type":"enum","editable":false,"enum":["timer"]}},"additionalProperties":false}}},"description":{"type":"string","editable":false},"name":{"type":"string","editable":false},"required":{"type":"bool","editable":false}}},"retry_count":{"type":"int","description":"Retry count","category":"advanced"},"timeout":{"type":"int","description":"Timeout (sec)","category":"advanced"},"url":{"type":"string","description":"HTTP endpoint URL","category":"basic"}},"required":[]},"dependencies":null},"json_filter":{"name":"json_filter","type":"processor","protocol":"json_filter","domain":"processing","description":"GenericJSON (core .json.v1) filter for field-based filtering","version":"0.1.0","schema":{"properties":{"ports":{"type":"ports","description":"Port configuration","category":"basic","portFields":{"config":{"type":"object","editable":true,"variants":{"file":{"type":"object","editable":true,"required":["kind","path"],"directions":["input","output"],"properties":{"kind":{"type":"enum","editable":false,"enum":["file"]},"path":{"type":"string","editable":true},"pattern":{"type":"string","editable":true}},"additionalProperties":false},"http-client":{"type":"object","editable":true,"required":["kind","method","url_pattern"],"directions":["input"],"properties":{"auth_ref":{"type":"string","editable":true},"contact_policy":{"type":"string","editable":true},"interface":{"type":"object","editable":true,"required":["type"],"properties":{"compatible":{"type":"array","editable":true,"items":{"type":"string","editable":true}},"type":{"type":"string","editable":true},"version":{"type":"string","editable":true}},"additionalProperties":false},"kind":{"type":"enum","editable":false,"enum":["http-client"]},"method":{"type":"string","editable":true},"trigger_port":{"type":"string","editable":true},"url_pattern":{"type":"string","editable":true}},"additionalProperties":false},"jetstream":{"type":"object","editable":true,"required":["kind","subjects"],"requiredByDirection":{"input":["stream_name"]},"directions":["input","output"],"properties":{"ack_policy":{"type":"string","editable":true},"ack_wait":{"type":"string","editable":true},"consumer_name":{"type":"string","editable":true},"deliver_policy":{"type":"string","editable":true},"heartbeat_interval":{"type":"string","editable":true},"interface":{"type":"object","editable":true,"required":["type"],"properties":{"compatible":{"type":"array","editable":true,"items":{"type":"string","editable":true}},"type":{"type":"string","editable":true},"version":{"type":"string","editable":true}},"additionalProperties":false},"kind":{"type":"enum","editable":false,"enum":["jetstream"]},"max_ack_pending":{"type":"int","editable":true},"max_deliver":{"type":"int","editable":true},"max_size_gb":{"type":"int","editable":true},"replicas":{"type":"int","editable":true},"retention":{"type":"string","editable":true},"retention_days":{"type":"int","editable":true},"storage":{"type":"string","editable":true},"stream_name":{"type":"string","editable":true},"subjects":{"type":"array","editable":true,"items":{"type":"string","editable":true}}},"additionalProperties":false},"kv-read":{"type":"object","editable":true,"required":["kind","bucket"],"directions":["input"],"properties":{"bucket":{"type":"string","editable":true},"interface":{"type":"object","editable":true,"required":["type"],"properties":{"compatible":{"type":"array","editable":true,"items":{"type":"string","editable":true}},"type":{"type":"string","editable":true},"version":{"type":"string","editable":true}},"additionalProperties":false},"kind":{"type":"enum","editable":false,"enum":["kv-read"]}},"additionalProperties":false},"kv-watch":{"type":"object","editable":true,"required":["kind","bucket"],"directions":["input"],"properties":{"bucket":{"type":"string","editable":true},"history":{"type":"bool","editable":true},"interface":{"type":"object","editable":true,"required":["type"],"properties":{"compatible":{"type":"array","editable":true,"items":{"type":"string","editable":true}},"type":{"type":"string","editable":true},"version":{"type":"string","editable":true}},"additionalProperties":false},"keys":{"type":"array","editable":true,"items":{"type":"string","editable":true}},"kind":{"type":"enum","editable":false,"enum":["kv-watch"]}},"additionalProperties":false},"kv-write":{"type":"object","editable":true,"required":["kind","bucket"],"directions":["output"],"properties":{"bucket":{"type":"string","editable":true},"interface":{"type":"object","editable":true,"required":["type"],"properties":{"compatible":{"type":"array","editable":true,"items":{"type":"string","editable":true}},"type":{"type":"string","editable":true},"version":{"type":"string","editable":true}},"additionalProperties":false},"kind":{"type":"enum","editable":false,"enum":["kv-write"]}},"additionalProperties":false},"nats":{"type":"object","editable":true,"required":["kind","subject"],"directions":["input","output"],"properties":{"interface":{"type":"object","editable":true,"required":["type"],"properties":{"compatible":{"type":"array","editable":true,"items":{"type":"string","editable":true}},"type":{"type":"string","editable":true},"version":{"type":"string","editable":true}},"additionalProperties":false},"kind":{"type":"enum","editable":false,"enum":["nats"]},"queue":{"type":"string","editable":true},"subject":{"type":"string","editable":true}},"additionalProperties":false},"nats-request":{"type":"object","editable":true,"required":["kind","subject"],"directions":["input","output"],"properties":{"interface":{"type":"object","editable":true,"required":["type"],"properties":{"compatible":{"type":"array","editable":true,"items":{"type":"string","editable":true}},"type":{"type":"string","editable":true},"version":{"type":"string","editable":true}},"additionalProperties":false},"kind":{"type":"enum","editable":false,"enum":["nats-request"]},"retries":{"type":"int","editable":true},"subject":{"type":"string","editable":true},"timeout":{"type":"string","editable":true}},"additionalProperties":false},"network":{"type":"object","editable":true,"required":["kind","protocol","port"],"directions":["input","output"],"properties":{"host":{"type":"string","editable":true},"kind":{"type":"enum","editable":false,"enum":["network"]},"port":{"type":"int","editable":true},"protocol":{"type":"string","editable":true}},"additionalProperties":false},"store-provide":{"type":"object","editable":true,"required":["kind","instance"],"directions":["output"],"properties":{"instance":{"type":"string","editable":true},"kind":{"type":"enum","editable":false,"enum":["store-provide"]}},"additionalProperties":false},"store-read":{"type":"object","editable":true,"required":["kind","bucket"],"directions":["input"],"properties":{"bucket":{"type":"string","editable":true},"interface":{"type":"object","editable":true,"required":["type"],"properties":{"compatible":{"type":"array","editable":true,"items":{"type":"string","editable":true}},"type":{"type":"string","editable":true},"version":{"type":"string","editable":true}},"additionalProperties":false},"kind":{"type":"enum","editable":false,"enum":["store-read"]}},"additionalProperties":false},"timer":{"type":"object","editable":true,"required":["kind","interval"],"directions":["input"],"properties":{"interface":{"type":"object","editable":true,"required":["type"],"properties":{"compatible":{"type":"array","editable":true,"items":{"type":"string","editable":true}},"type":{"type":"string","editable":true},"version":{"type":"string","editable":true}},"additionalProperties":false},"interval":{"type":"string","editable":true},"kind":{"type":"enum","editable":false,"enum":["timer"]}},"additionalProperties":false}}},"description":{"type":"string","editable":false},"name":{"type":"string","editable":false},"required":{"type":"bool","editable":false}}},"rules":{"type":"array","description":"Filter rules","category":"basic","items":{"type":"object","description":""}}},"required":[]},"dependencies":null},"json_generic":{"name":"json_generic","type":"processor","protocol":"json_generic","domain":"processing","description":"Wraps plain JSON into GenericJSON (core .json.v1) format","version":"0.1.0","schema":{"properties":{"ports":{"type":"ports","description":"Port configuration","category":"basic","portFields":{"config":{"type":"object","editable":true,"variants":{"file":{"type":"object","editable":true,"required":["kind","path"],"directions":["input","output"],"properties":{"kind":{"type":"enum","editable":false,"enum":["file"]},"path":{"type":"string","editable":true},"pattern":{"type":"string","editable":true}},"additionalProperties":false},"http-client":{"type":"object","editable":true,"required":["kind","method","url_pattern"],"directions":["input"],"properties":{"auth_ref":{"type":"string","editable":true},"contact_policy":{"type":"string","editable":true},"interface":{"type":"object","editable":true,"required":["type"],"properties":{"compatible":{"type":"array","editable":true,"items":{"type":"string","editable":true}},"type":{"type":"string","editable":true},"version":{"type":"string","editable":true}},"additionalProperties":false},"kind":{"type":"enum","editable":false,"enum":["http-client"]},"method":{"type":"string","editable":true},"trigger_port":{"type":"string","editable":true},"url_pattern":{"type":"string","editable":true}},"additionalProperties":false},"jetstream":{"type":"object","editable":true,"required":["kind","subjects"],"requiredByDirection":{"input":["stream_name"]},"directions":["input","output"],"properties":{"ack_policy":{"type":"string","editable":true},"ack_wait":{"type":"string","editable":true},"consumer_name":{"type":"string","editable":true},"deliver_policy":{"type":"string","editable":true},"heartbeat_interval":{"type":"string","editable":true},"interface":{"type":"object","editable":true,"required":["type"],"properties":{"compatible":{"type":"array","editable":true,"items":{"type":"string","editable":true}},"type":{"type":"string","editable":true},"version":{"type":"string","editable":true}},"additionalProperties":false},"kind":{"type":"enum","editable":false,"enum":["jetstream"]},"max_ack_pending":{"type":"int","editable":true},"max_deliver":{"type":"int","editable":true},"max_size_gb":{"type":"int","editable":true},"replicas":{"type":"int","editable":true},"retention":{"type":"string","editable":true},"retention_days":{"type":"int","editable":true},"storage":{"type":"string","editable":true},"stream_name":{"type":"string","editable":true},"subjects":{"type":"array","editable":true,"items":{"type":"string","editable":true}}},"additionalProperties":false},"kv-read":{"type":"object","editable":true,"required":["kind","bucket"],"directions":["input"],"properties":{"bucket":{"type":"string","editable":true},"interface":{"type":"object","editable":true,"required":["type"],"properties":{"compatible":{"type":"array","editable":true,"items":{"type":"string","editable":true}},"type":{"type":"string","editable":true},"version":{"type":"string","editable":true}},"additionalProperties":false},"kind":{"type":"enum","editable":false,"enum":["kv-read"]}},"additionalProperties":false},"kv-watch":{"type":"object","editable":true,"required":["kind","bucket"],"directions":["input"],"properties":{"bucket":{"type":"string","editable":true},"history":{"type":"bool","editable":true},"interface":{"type":"object","editable":true,"required":["type"],"properties":{"compatible":{"type":"array","editable":true,"items":{"type":"string","editable":true}},"type":{"type":"string","editable":true},"version":{"type":"string","editable":true}},"additionalProperties":false},"keys":{"type":"array","editable":true,"items":{"type":"string","editable":true}},"kind":{"type":"enum","editable":false,"enum":["kv-watch"]}},"additionalProperties":false},"kv-write":{"type":"object","editable":true,"required":["kind","bucket"],"directions":["output"],"properties":{"bucket":{"type":"string","editable":true},"interface":{"type":"object","editable":true,"required":["type"],"properties":{"compatible":{"type":"array","editable":true,"items":{"type":"string","editable":true}},"type":{"type":"string","editable":true},"version":{"type":"string","editable":true}},"additionalProperties":false},"kind":{"type":"enum","editable":false,"enum":["kv-write"]}},"additionalProperties":false},"nats":{"type":"object","editable":true,"required":["kind","subject"],"directions":["input","output"],"properties":{"interface":{"type":"object","editable":true,"required":["type"],"properties":{"compatible":{"type":"array","editable":true,"items":{"type":"string","editable":true}},"type":{"type":"string","editable":true},"version":{"type":"string","editable":true}},"additionalProperties":false},"kind":{"type":"enum","editable":false,"enum":["nats"]},"queue":{"type":"string","editable":true},"subject":{"type":"string","editable":true}},"additionalProperties":false},"nats-request":{"type":"object","editable":true,"required":["kind","subject"],"directions":["input","output"],"properties":{"interface":{"type":"object","editable":true,"required":["type"],"properties":{"compatible":{"type":"array","editable":true,"items":{"type":"string","editable":true}},"type":{"type":"string","editable":true},"version":{"type":"string","editable":true}},"additionalProperties":false},"kind":{"type":"enum","editable":false,"enum":["nats-request"]},"retries":{"type":"int","editable":true},"subject":{"type":"string","editable":true},"timeout":{"type":"string","editable":true}},"additionalProperties":false},"network":{"type":"object","editable":true,"required":["kind","protocol","port"],"directions":["input","output"],"properties":{"host":{"type":"string","editable":true},"kind":{"type":"enum","editable":false,"enum":["network"]},"port":{"type":"int","editable":true},"protocol":{"type":"string","editable":true}},"additionalProperties":false},"store-provide":{"type":"object","editable":true,"required":["kind","instance"],"directions":["output"],"properties":{"instance":{"type":"string","editable":true},"kind":{"type":"enum","editable":false,"enum":["store-provide"]}},"additionalProperties":false},"store-read":{"type":"object","editable":true,"required":["kind","bucket"],"directions":["input"],"properties":{"bucket":{"type":"string","editable":true},"interface":{"type":"object","editable":true,"required":["type"],"properties":{"compatible":{"type":"array","editable":true,"items":{"type":"string","editable":true}},"type":{"type":"string","editable":true},"version":{"type":"string","editable":true}},"additionalProperties":false},"kind":{"type":"enum","editable":false,"enum":["store-read"]}},"additionalProperties":false},"timer":{"type":"object","editable":true,"required":["kind","interval"],"directions":["input"],"properties":{"interface":{"type":"object","editable":true,"required":["type"],"properties":{"compatible":{"type":"array","editable":true,"items":{"type":"string","editable":true}},"type":{"type":"string","editable":true},"version":{"type":"string","editable":true}},"additionalProperties":false},"interval":{"type":"string","editable":true},"kind":{"type":"enum","editable":false,"enum":["timer"]}},"additionalProperties":false}}},"description":{"type":"string","editable":false},"name":{"type":"string","editable":false},"required":{"type":"bool","editable":false}}}},"required":[]},"dependencies":null},"json_map":{"name":"json_map","type":"processor","protocol":"json_map","domain":"processing","description":"GenericJSON (core .json.v1) field transformer for renaming, adding, and removing fields","version":"0.1.0","schema":{"properties":{"add_fields":{"type":"object","description":"Static fields"},"mappings":{"type":"array","description":"Field mappings","category":"basic","items":{"type":"object","description":"","properties":{"transform":{"type":"enum","description":"Type","enum":["copy","uppercase","lowercase","trim"]}}}},"ports":{"type":"ports","description":"Port configuration","category":"basic","portFields":{"config":{"type":"object","editable":true,"variants":{"file":{"type":"object","editable":true,"required":["kind","path"],"directions":["input","output"],"properties":{"kind":{"type":"enum","editable":false,"enum":["file"]},"path":{"type":"string","editable":true},"pattern":{"type":"string","editable":true}},"additionalProperties":false},"http-client":{"type":"object","editable":true,"required":["kind","method","url_pattern"],"directions":["input"],"properties":{"auth_ref":{"type":"string","editable":true},"contact_policy":{"type":"string","editable":true},"interface":{"type":"object","editable":true,"required":["type"],"properties":{"compatible":{"type":"array","editable":true,"items":{"type":"string","editable":true}},"type":{"type":"string","editable":true},"version":{"type":"string","editable":true}},"additionalProperties":false},"kind":{"type":"enum","editable":false,"enum":["http-client"]},"method":{"type":"string","editable":true},"trigger_port":{"type":"string","editable":true},"url_pattern":{"type":"string","editable":true}},"additionalProperties":false},"jetstream":{"type":"object","editable":true,"required":["kind","subjects"],"requiredByDirection":{"input":["stream_name"]},"directions":["input","output"],"properties":{"ack_policy":{"type":"string","editable":true},"ack_wait":{"type":"string","editable":true},"consumer_name":{"type":"string","editable":true},"deliver_policy":{"type":"string","editable":true},"heartbeat_interval":{"type":"string","editable":true},"interface":{"type":"object","editable":true,"required":["type"],"properties":{"compatible":{"type":"array","editable":true,"items":{"type":"string","editable":true}},"type":{"type":"string","editable":true},"version":{"type":"string","editable":true}},"additionalProperties":false},"kind":{"type":"enum","editable":false,"enum":["jetstream"]},"max_ack_pending":{"type":"int","editable":true},"max_deliver":{"type":"int","editable":true},"max_size_gb":{"type":"int","editable":true},"replicas":{"type":"int","editable":true},"retention":{"type":"string","editable":true},"retention_days":{"type":"int","editable":true},"storage":{"type":"string","editable":true},"stream_name":{"type":"string","editable":true},"subjects":{"type":"array","editable":true,"items":{"type":"string","editable":true}}},"additionalProperties":false},"kv-read":{"type":"object","editable":true,"required":["kind","bucket"],"directions":["input"],"properties":{"bucket":{"type":"string","editable":true},"interface":{"type":"object","editable":true,"required":["type"],"properties":{"compatible":{"type":"array","editable":true,"items":{"type":"string","editable":true}},"type":{"type":"string","editable":true},"version":{"type":"string","editable":true}},"additionalProperties":false},"kind":{"type":"enum","editable":false,"enum":["kv-read"]}},"additionalProperties":false},"kv-watch":{"type":"object","editable":true,"required":["kind","bucket"],"directions":["input"],"properties":{"bucket":{"type":"string","editable":true},"history":{"type":"bool","editable":true},"interface":{"type":"object","editable":true,"required":["type"],"properties":{"compatible":{"type":"array","editable":true,"items":{"type":"string","editable":true}},"type":{"type":"string","editable":true},"version":{"type":"string","editable":true}},"additionalProperties":false},"keys":{"type":"array","editable":true,"items":{"type":"string","editable":true}},"kind":{"type":"enum","editable":false,"enum":["kv-watch"]}},"additionalProperties":false},"kv-write":{"type":"object","editable":true,"required":["kind","bucket"],"directions":["output"],"properties":{"bucket":{"type":"string","editable":true},"interface":{"type":"object","editable":true,"required":["type"],"properties":{"compatible":{"type":"array","editable":true,"items":{"type":"string","editable":true}},"type":{"type":"string","editable":true},"version":{"type":"string","editable":true}},"additionalProperties":false},"kind":{"type":"enum","editable":false,"enum":["kv-write"]}},"additionalProperties":false},"nats":{"type":"object","editable":true,"required":["kind","subject"],"directions":["input","output"],"properties":{"interface":{"type":"object","editable":true,"required":["type"],"properties":{"compatible":{"type":"array","editable":true,"items":{"type":"string","editable":true}},"type":{"type":"string","editable":true},"version":{"type":"string","editable":true}},"additionalProperties":false},"kind":{"type":"enum","editable":false,"enum":["nats"]},"queue":{"type":"string","editable":true},"subject":{"type":"string","editable":true}},"additionalProperties":false},"nats-request":{"type":"object","editable":true,"required":["kind","subject"],"directions":["input","output"],"properties":{"interface":{"type":"object","editable":true,"required":["type"],"properties":{"compatible":{"type":"array","editable":true,"items":{"type":"string","editable":true}},"type":{"type":"string","editable":true},"version":{"type":"string","editable":true}},"additionalProperties":false},"kind":{"type":"enum","editable":false,"enum":["nats-request"]},"retries":{"type":"int","editable":true},"subject":{"type":"string","editable":true},"timeout":{"type":"string","editable":true}},"additionalProperties":false},"network":{"type":"object","editable":true,"required":["kind","protocol","port"],"directions":["input","output"],"properties":{"host":{"type":"string","editable":true},"kind":{"type":"enum","editable":false,"enum":["network"]},"port":{"type":"int","editable":true},"protocol":{"type":"string","editable":true}},"additionalProperties":false},"store-provide":{"type":"object","editable":true,"required":["kind","instance"],"directions":["output"],"properties":{"instance":{"type":"string","editable":true},"kind":{"type":"enum","editable":false,"enum":["store-provide"]}},"additionalProperties":false},"store-read":{"type":"object","editable":true,"required":["kind","bucket"],"directions":["input"],"properties":{"bucket":{"type":"string","editable":true},"interface":{"type":"object","editable":true,"required":["type"],"properties":{"compatible":{"type":"array","editable":true,"items":{"type":"string","editable":true}},"type":{"type":"string","editable":true},"version":{"type":"string","editable":true}},"additionalProperties":false},"kind":{"type":"enum","editable":false,"enum":["store-read"]}},"additionalProperties":false},"timer":{"type":"object","editable":true,"required":["kind","interval"],"directions":["input"],"properties":{"interface":{"type":"object","editable":true,"required":["type"],"properties":{"compatible":{"type":"array","editable":true,"items":{"type":"string","editable":true}},"type":{"type":"string","editable":true},"version":{"type":"string","editable":true}},"additionalProperties":false},"interval":{"type":"string","editable":true},"kind":{"type":"enum","editable":false,"enum":["timer"]}},"additionalProperties":false}}},"description":{"type":"string","editable":false},"name":{"type":"string","editable":false},"required":{"type":"bool","editable":false}}},"remove_fields":{"type":"array","description":"Field removal","items":{"type":"string","description":""}}},"required":[]},"dependencies":null},"lifecycle-gateway":{"name":"lifecycle-gateway","type":"gateway","protocol":"http","domain":"lifecycle","description":"Operator HTTP + WebSocket gateway over pkg/lifecycle.Manager (ADR-047)","version":"0.1.0","schema":{"properties":{"allowed_origins":{"type":"array","description":"WebSocket upgrade Origin allowlist as exact-match strings. Empty list permits all origins and logs a Warn at Start; set explicitly to restrict cross-origin upgrades.","category":"advanced","items":{"type":"string","description":""}},"enable_websocket":{"type":"bool","description":"Enable WebSocket streaming on GET {prefix}/{type}?stream=true via Manager.Watch. Default true when omitted. Set to false to disable live-update streaming and keep the gateway poll-only.","category":"basic"},"max_body_bytes":{"type":"int","description":"Maximum bytes accepted in create / state-patch / transition request bodies (POST lanes). Default 1048576 (1 MiB). Zero or negative means use default. NOTE - no commas: ParseSchemaTag splits this tag on commas and silently drops the whole field on a parse error.","category":"advanced"},"path_prefix":{"type":"string","description":"URL path prefix mounted under the parent component prefix (e.g. \"workflows\" → /lifecycle-gateway/workflows). Default \"workflows\". Must be non-empty after stripping leading/trailing slashes.","category":"basic"},"ports":{"type":"ports","description":"Component port configuration. The canonical required graph mutation request output is supplied when omitted.","category":"basic","portFields":{"config":{"type":"object","editable":true,"variants":{"file":{"type":"object","editable":true,"required":["kind","path"],"directions":["input","output"],"properties":{"kind":{"type":"enum","editable":false,"enum":["file"]},"path":{"type":"string","editable":true},"pattern":{"type":"string","editable":true}},"additionalProperties":false},"http-client":{"type":"object","editable":true,"required":["kind","method","url_pattern"],"directions":["input"],"properties":{"auth_ref":{"type":"string","editable":true},"contact_policy":{"type":"string","editable":true},"interface":{"type":"object","editable":true,"required":["type"],"properties":{"compatible":{"type":"array","editable":true,"items":{"type":"string","editable":true}},"type":{"type":"string","editable":true},"version":{"type":"string","editable":true}},"additionalProperties":false},"kind":{"type":"enum","editable":false,"enum":["http-client"]},"method":{"type":"string","editable":true},"trigger_port":{"type":"string","editable":true},"url_pattern":{"type":"string","editable":true}},"additionalProperties":false},"jetstream":{"type":"object","editable":true,"required":["kind","subjects"],"requiredByDirection":{"input":["stream_name"]},"directions":["input","output"],"properties":{"ack_policy":{"type":"string","editable":true},"ack_wait":{"type":"string","editable":true},"consumer_name":{"type":"string","editable":true},"deliver_policy":{"type":"string","editable":true},"heartbeat_interval":{"type":"string","editable":true},"interface":{"type":"object","editable":true,"required":["type"],"properties":{"compatible":{"type":"array","editable":true,"items":{"type":"string","editable":true}},"type":{"type":"string","editable":true},"version":{"type":"string","editable":true}},"additionalProperties":false},"kind":{"type":"enum","editable":false,"enum":["jetstream"]},"max_ack_pending":{"type":"int","editable":true},"max_deliver":{"type":"int","editable":true},"max_size_gb":{"type":"int","editable":true},"replicas":{"type":"int","editable":true},"retention":{"type":"string","editable":true},"retention_days":{"type":"int","editable":true},"storage":{"type":"string","editable":true},"stream_name":{"type":"string","editable":true},"subjects":{"type":"array","editable":true,"items":{"type":"string","editable":true}}},"additionalProperties":false},"kv-read":{"type":"object","editable":true,"required":["kind","bucket"],"directions":["input"],"properties":{"bucket":{"type":"string","editable":true},"interface":{"type":"object","editable":true,"required":["type"],"properties":{"compatible":{"type":"array","editable":true,"items":{"type":"string","editable":true}},"type":{"type":"string","editable":true},"version":{"type":"string","editable":true}},"additionalProperties":false},"kind":{"type":"enum","editable":false,"enum":["kv-read"]}},"additionalProperties":false},"kv-watch":{"type":"object","editable":true,"required":["kind","bucket"],"directions":["input"],"properties":{"bucket":{"type":"string","editable":true},"history":{"type":"bool","editable":true},"interface":{"type":"object","editable":true,"required":["type"],"properties":{"compatible":{"type":"array","editable":true,"items":{"type":"string","editable":true}},"type":{"type":"string","editable":true},"version":{"type":"string","editable":true}},"additionalProperties":false},"keys":{"type":"array","editable":true,"items":{"type":"string","editable":true}},"kind":{"type":"enum","editable":false,"enum":["kv-watch"]}},"additionalProperties":false},"kv-write":{"type":"object","editable":true,"required":["kind","bucket"],"directions":["output"],"properties":{"bucket":{"type":"string","editable":true},"interface":{"type":"object","editable":true,"required":["type"],"properties":{"compatible":{"type":"array","editable":true,"items":{"type":"string","editable":true}},"type":{"type":"string","editable":true},"version":{"type":"string","editable":true}},"additionalProperties":false},"kind":{"type":"enum","editable":false,"enum":["kv-write"]}},"additionalProperties":false},"nats":{"type":"object","editable":true,"required":["kind","subject"],"directions":["input","output"],"properties":{"interface":{"type":"object","editable":true,"required":["type"],"properties":{"compatible":{"type":"array","editable":true,"items":{"type":"string","editable":true}},"type":{"type":"string","editable":true},"version":{"type":"string","editable":true}},"additionalProperties":false},"kind":{"type":"enum","editable":false,"enum":["nats"]},"queue":{"type":"string","editable":true},"subject":{"type":"string","editable":true}},"additionalProperties":false},"nats-request":{"type":"object","editable":true,"required":["kind","subject"],"directions":["input","output"],"properties":{"interface":{"type":"object","editable":true,"required":["type"],"properties":{"compatible":{"type":"array","editable":true,"items":{"type":"string","editable":true}},"type":{"type":"string","editable":true},"version":{"type":"string","editable":true}},"additionalProperties":false},"kind":{"type":"enum","editable":false,"enum":["nats-request"]},"retries":{"type":"int","editable":true},"subject":{"type":"string","editable":true},"timeout":{"type":"string","editable":true}},"additionalProperties":false},"network":{"type":"object","editable":true,"required":["kind","protocol","port"],"directions":["input","output"],"properties":{"host":{"type":"string","editable":true},"kind":{"type":"enum","editable":false,"enum":["network"]},"port":{"type":"int","editable":true},"protocol":{"type":"string","editable":true}},"additionalProperties":false},"store-provide":{"type":"object","editable":true,"required":["kind","instance"],"directions":["output"],"properties":{"instance":{"type":"string","editable":true},"kind":{"type":"enum","editable":false,"enum":["store-provide"]}},"additionalProperties":false},"store-read":{"type":"object","editable":true,"required":["kind","bucket"],"directions":["input"],"properties":{"bucket":{"type":"string","editable":true},"interface":{"type":"object","editable":true,"required":["type"],"properties":{"compatible":{"type":"array","editable":true,"items":{"type":"string","editable":true}},"type":{"type":"string","editable":true},"version":{"type":"string","editable":true}},"additionalProperties":false},"kind":{"type":"enum","editable":false,"enum":["store-read"]}},"additionalProperties":false},"timer":{"type":"object","editable":true,"required":["kind","interval"],"directions":["input"],"properties":{"interface":{"type":"object","editable":true,"required":["type"],"properties":{"compatible":{"type":"array","editable":true,"items":{"type":"string","editable":true}},"type":{"type":"string","editable":true},"version":{"type":"string","editable":true}},"additionalProperties":false},"interval":{"type":"string","editable":true},"kind":{"type":"enum","editable":false,"enum":["timer"]}},"additionalProperties":false}}},"description":{"type":"string","editable":false},"name":{"type":"string","editable":false},"required":{"type":"bool","editable":false}}}},"required":[]},"dependencies":null},"objectstore":{"name":"objectstore","type":"storage","protocol":"objectstore","domain":"storage","description":"NATS ObjectStore component for immutable message storage","version":"1.0.0","schema":{"properties":{"bucket_name":{"type":"string","description":"NATS ObjectStore bucket name","default":"MESSAGES","category":"basic"},"ports":{"type":"ports","description":"Port configuration for inputs and outputs","category":"basic","portFields":{"config":{"type":"object","editable":true,"variants":{"file":{"type":"object","editable":true,"required":["kind","path"],"directions":["input","output"],"properties":{"kind":{"type":"enum","editable":false,"enum":["file"]},"path":{"type":"string","editable":true},"pattern":{"type":"string","editable":true}},"additionalProperties":false},"http-client":{"type":"object","editable":true,"required":["kind","method","url_pattern"],"directions":["input"],"properties":{"auth_ref":{"type":"string","editable":true},"contact_policy":{"type":"string","editable":true},"interface":{"type":"object","editable":true,"required":["type"],"properties":{"compatible":{"type":"array","editable":true,"items":{"type":"string","editable":true}},"type":{"type":"string","editable":true},"version":{"type":"string","editable":true}},"additionalProperties":false},"kind":{"type":"enum","editable":false,"enum":["http-client"]},"method":{"type":"string","editable":true},"trigger_port":{"type":"string","editable":true},"url_pattern":{"type":"string","editable":true}},"additionalProperties":false},"jetstream":{"type":"object","editable":true,"required":["kind","subjects"],"requiredByDirection":{"input":["stream_name"]},"directions":["input","output"],"properties":{"ack_policy":{"type":"string","editable":true},"ack_wait":{"type":"string","editable":true},"consumer_name":{"type":"string","editable":true},"deliver_policy":{"type":"string","editable":true},"heartbeat_interval":{"type":"string","editable":true},"interface":{"type":"object","editable":true,"required":["type"],"properties":{"compatible":{"type":"array","editable":true,"items":{"type":"string","editable":true}},"type":{"type":"string","editable":true},"version":{"type":"string","editable":true}},"additionalProperties":false},"kind":{"type":"enum","editable":false,"enum":["jetstream"]},"max_ack_pending":{"type":"int","editable":true},"max_deliver":{"type":"int","editable":true},"max_size_gb":{"type":"int","editable":true},"replicas":{"type":"int","editable":true},"retention":{"type":"string","editable":true},"retention_days":{"type":"int","editable":true},"storage":{"type":"string","editable":true},"stream_name":{"type":"string","editable":true},"subjects":{"type":"array","editable":true,"items":{"type":"string","editable":true}}},"additionalProperties":false},"kv-read":{"type":"object","editable":true,"required":["kind","bucket"],"directions":["input"],"properties":{"bucket":{"type":"string","editable":true},"interface":{"type":"object","editable":true,"required":["type"],"properties":{"compatible":{"type":"array","editable":true,"items":{"type":"string","editable":true}},"type":{"type":"string","editable":true},"version":{"type":"string","editable":true}},"additionalProperties":false},"kind":{"type":"enum","editable":false,"enum":["kv-read"]}},"additionalProperties":false},"kv-watch":{"type":"object","editable":true,"required":["kind","bucket"],"directions":["input"],"properties":{"bucket":{"type":"string","editable":true},"history":{"type":"bool","editable":true},"interface":{"type":"object","editable":true,"required":["type"],"properties":{"compatible":{"type":"array","editable":true,"items":{"type":"string","editable":true}},"type":{"type":"string","editable":true},"version":{"type":"string","editable":true}},"additionalProperties":false},"keys":{"type":"array","editable":true,"items":{"type":"string","editable":true}},"kind":{"type":"enum","editable":false,"enum":["kv-watch"]}},"additionalProperties":false},"kv-write":{"type":"object","editable":true,"required":["kind","bucket"],"directions":["output"],"properties":{"bucket":{"type":"string","editable":true},"interface":{"type":"object","editable":true,"required":["type"],"properties":{"compatible":{"type":"array","editable":true,"items":{"type":"string","editable":true}},"type":{"type":"string","editable":true},"version":{"type":"string","editable":true}},"additionalProperties":false},"kind":{"type":"enum","editable":false,"enum":["kv-write"]}},"additionalProperties":false},"nats":{"type":"object","editable":true,"required":["kind","subject"],"directions":["input","output"],"properties":{"interface":{"type":"object","editable":true,"required":["type"],"properties":{"compatible":{"type":"array","editable":true,"items":{"type":"string","editable":true}},"type":{"type":"string","editable":true},"version":{"type":"string","editable":true}},"additionalProperties":false},"kind":{"type":"enum","editable":false,"enum":["nats"]},"queue":{"type":"string","editable":true},"subject":{"type":"string","editable":true}},"additionalProperties":false},"nats-request":{"type":"object","editable":true,"required":["kind","subject"],"directions":["input","output"],"properties":{"interface":{"type":"object","editable":true,"required":["type"],"properties":{"compatible":{"type":"array","editable":true,"items":{"type":"string","editable":true}},"type":{"type":"string","editable":true},"version":{"type":"string","editable":true}},"additionalProperties":false},"kind":{"type":"enum","editable":false,"enum":["nats-request"]},"retries":{"type":"int","editable":true},"subject":{"type":"string","editable":true},"timeout":{"type":"string","editable":true}},"additionalProperties":false},"network":{"type":"object","editable":true,"required":["kind","protocol","port"],"directions":["input","output"],"properties":{"host":{"type":"string","editable":true},"kind":{"type":"enum","editable":false,"enum":["network"]},"port":{"type":"int","editable":true},"protocol":{"type":"string","editable":true}},"additionalProperties":false},"store-provide":{"type":"object","editable":true,"required":["kind","instance"],"directions":["output"],"properties":{"instance":{"type":"string","editable":true},"kind":{"type":"enum","editable":false,"enum":["store-provide"]}},"additionalProperties":false},"store-read":{"type":"object","editable":true,"required":["kind","bucket"],"directions":["input"],"properties":{"bucket":{"type":"string","editable":true},"interface":{"type":"object","editable":true,"required":["type"],"properties":{"compatible":{"type":"array","editable":true,"items":{"type":"string","editable":true}},"type":{"type":"string","editable":true},"version":{"type":"string","editable":true}},"additionalProperties":false},"kind":{"type":"enum","editable":false,"enum":["store-read"]}},"additionalProperties":false},"timer":{"type":"object","editable":true,"required":["kind","interval"],"directions":["input"],"properties":{"interface":{"type":"object","editable":true,"required":["type"],"properties":{"compatible":{"type":"array","editable":true,"items":{"type":"string","editable":true}},"type":{"type":"string","editable":true},"version":{"type":"string","editable":true}},"additionalProperties":false},"interval":{"type":"string","editable":true},"kind":{"type":"enum","editable":false,"enum":["timer"]}},"additionalProperties":false}}},"description":{"type":"string","editable":false},"name":{"type":"string","editable":false},"required":{"type":"bool","editable":false}}}},"required":[]},"dependencies":null},"rule-processor":{"name":"rule-processor","type":"processor","protocol":"rule","domain":"semantic","description":"Rule execution processor","version":"1.0.0","schema":{"properties":{"alert_cooldown_period":{"type":"string","description":"Minimum time between repeated alerts (e.g. '2m')","default":"2m","category":"advanced"},"buffer_window_size":{"type":"string","description":"Time window for message buffering (e.g. '10m')","default":"10m","category":"advanced"},"debounce_delay_ms":{"type":"int","description":"Debounce delay in milliseconds for rule evaluation (0=disabled)","default":0,"category":"advanced"},"enable_graph_integration":{"type":"bool","description":"Enable graph entity creation from rules; every rule processor requires an explicit pack_id","default":false,"category":"basic"},"entity_watch_buckets":{"type":"object","description":"ENTITY_STATES watch patterns for the rule processor's typed EntityState evaluator.","category":"advanced","properties":{"ENTITY_STATES":{"type":"array","description":"Exact six-position entity ID patterns.","items":{"type":"string","description":"Exact six-position entity ID pattern; each position is a canonical literal segment or *.","maxLength":256,"pattern":"^(?:\\*|[A-Za-z0-9][A-Za-z0-9_-]*)(?:\\.(?:\\*|[A-Za-z0-9][A-Za-z0-9_-]*)){5}$"}}},"additionalProperties":false},"inline_rules":{"type":"array","description":"Inline rule definitions (alternative to files)","category":"basic","items":{"type":"object","description":"","properties":{"actions":{"type":"array","description":"actions","items":{"type":"object","description":"","properties":{"action_allowlist":{"type":"array","description":"action_allowlist","items":{"type":"string","description":""}},"bucket":{"type":"string","description":"bucket"},"filesystem_policy":{"type":"string","description":"filesystem_policy"},"for_each":{"type":"string","description":"for_each"},"for_each_var":{"type":"string","description":"for_each_var"},"id":{"type":"string","description":"id"},"key":{"type":"string","description":"key"},"loop_max_iterations":{"type":"string","description":"Iteration budget for the SPAWNED LOOP (agentic-loop's per-iteration cap on the agent this action spawns) — distinct from the action-level firing cap 'max_iterations' above, which bounds how many times this action itself fires. Supports variable substitution (literal or $entity.triple.* reference); must resolve to a positive integer or the action fails."},"max_iterations":{"type":"int","description":"max_iterations"},"merge":{"type":"bool","description":"merge"},"model":{"type":"string","description":"model"},"object":{"type":"string","description":"object"},"payload":{"type":"object","description":"payload"},"phase":{"type":"string","description":"phase"},"predicate":{"type":"string","description":"predicate"},"projection_contract":{"type":"string","description":"projection_contract"},"projection_group":{"type":"string","description":"projection_group"},"prompt":{"type":"string","description":"prompt"},"properties":{"type":"object","description":"properties"},"reason":{"type":"string","description":"reason"},"related_loops":{"type":"object","description":"related_loops"},"response_format":{"type":"object","description":"response_format","properties":{"name":{"type":"string","description":"name"},"schema":{"type":"object","description":"schema"},"strict":{"type":"bool","description":"strict"},"type":{"type":"string","description":"type"}}},"role":{"type":"string","description":"role"},"run_scope":{"type":"string","description":"run_scope"},"scratch_paths":{"type":"array","description":"scratch_paths","items":{"type":"string","description":""}},"set":{"type":"object","description":"set"},"subject":{"type":"string","description":"subject"},"tool_choice":{"type":"object","description":"tool_choice","properties":{"function_name":{"type":"string","description":"function_name"},"mode":{"type":"string","description":"mode"}}},"tools":{"type":"array","description":"tools","items":{"type":"string","description":""}},"ttl":{"type":"string","description":"ttl"},"type":{"type":"string","description":"type"},"when":{"type":"array","description":"when","items":{"type":"object","description":"","properties":{"field":{"type":"string","description":"field"},"from":{"type":"string","description":"from"},"operator":{"type":"string","description":"operator"},"required":{"type":"bool","description":"required"},"value":{"type":"string","description":"value"}}}},"workflow":{"type":"string","description":"workflow"},"workflow_slug":{"type":"string","description":"workflow_slug"},"workflow_step":{"type":"string","description":"workflow_step"}}}},"conditions":{"type":"array","description":"conditions","items":{"type":"object","description":"","properties":{"field":{"type":"string","description":"field"},"from":{"type":"string","description":"from"},"operator":{"type":"string","description":"operator"},"required":{"type":"bool","description":"required"},"value":{"type":"string","description":"value"}}}},"cooldown":{"type":"string","description":"cooldown"},"description":{"type":"string","description":"description"},"enabled":{"type":"bool","description":"enabled"},"entity":{"type":"object","description":"entity","properties":{"pattern":{"type":"string","description":"Exact six-position entity ID pattern; each position is a canonical literal segment or *.","maxLength":256,"pattern":"^(?:\\*|[A-Za-z0-9][A-Za-z0-9_-]*)(?:\\.(?:\\*|[A-Za-z0-9][A-Za-z0-9_-]*)){5}$"},"watch_buckets":{"type":"array","description":"Typed state buckets consumed by this EntityState evaluator; only ENTITY_STATES is supported.","items":{"type":"string","description":"","enum":["ENTITY_STATES"]}}},"additionalProperties":false,"required":["pattern"]},"fire_every_n_events":{"type":"int","description":"fire_every_n_events"},"id":{"type":"string","description":"id"},"logic":{"type":"string","description":"logic"},"max_iterations":{"type":"int","description":"max_iterations"},"metadata":{"type":"object","description":"metadata"},"name":{"type":"string","description":"name"},"on_enter":{"type":"array","description":"on_enter","items":{"type":"object","description":"","properties":{"action_allowlist":{"type":"array","description":"action_allowlist","items":{"type":"string","description":""}},"bucket":{"type":"string","description":"bucket"},"filesystem_policy":{"type":"string","description":"filesystem_policy"},"for_each":{"type":"string","description":"for_each"},"for_each_var":{"type":"string","description":"for_each_var"},"id":{"type":"string","description":"id"},"key":{"type":"string","description":"key"},"loop_max_iterations":{"type":"string","description":"Iteration budget for the SPAWNED LOOP (agentic-loop's per-iteration cap on the agent this action spawns) — distinct from the action-level firing cap 'max_iterations' above, which bounds how many times this action itself fires. Supports variable substitution (literal or $entity.triple.* reference); must resolve to a positive integer or the action fails."},"max_iterations":{"type":"int","description":"max_iterations"},"merge":{"type":"bool","description":"merge"},"model":{"type":"string","description":"model"},"object":{"type":"string","description":"object"},"payload":{"type":"object","description":"payload"},"phase":{"type":"string","description":"phase"},"predicate":{"type":"string","description":"predicate"},"projection_contract":{"type":"string","description":"projection_contract"},"projection_group":{"type":"string","description":"projection_group"},"prompt":{"type":"string","description":"prompt"},"properties":{"type":"object","description":"properties"},"reason":{"type":"string","description":"reason"},"related_loops":{"type":"object","description":"related_loops"},"response_format":{"type":"object","description":"response_format","properties":{"name":{"type":"string","description":"name"},"schema":{"type":"object","description":"schema"},"strict":{"type":"bool","description":"strict"},"type":{"type":"string","description":"type"}}},"role":{"type":"string","description":"role"},"run_scope":{"type":"string","description":"run_scope"},"scratch_paths":{"type":"array","description":"scratch_paths","items":{"type":"string","description":""}},"set":{"type":"object","description":"set"},"subject":{"type":"string","description":"subject"},"tool_choice":{"type":"object","description":"tool_choice","properties":{"function_name":{"type":"string","description":"function_name"},"mode":{"type":"string","description":"mode"}}},"tools":{"type":"array","description":"tools","items":{"type":"string","description":""}},"ttl":{"type":"string","description":"ttl"},"type":{"type":"string","description":"type"},"when":{"type":"array","description":"when","items":{"type":"object","description":"","properties":{"field":{"type":"string","description":"field"},"from":{"type":"string","description":"from"},"operator":{"type":"string","description":"operator"},"required":{"type":"bool","description":"required"},"value":{"type":"string","description":"value"}}}},"workflow":{"type":"string","description":"workflow"},"workflow_slug":{"type":"string","description":"workflow_slug"},"workflow_step":{"type":"string","description":"workflow_step"}}}},"on_exit":{"type":"array","description":"on_exit","items":{"type":"object","description":"","properties":{"action_allowlist":{"type":"array","description":"action_allowlist","items":{"type":"string","description":""}},"bucket":{"type":"string","description":"bucket"},"filesystem_policy":{"type":"string","description":"filesystem_policy"},"for_each":{"type":"string","description":"for_each"},"for_each_var":{"type":"string","description":"for_each_var"},"id":{"type":"string","description":"id"},"key":{"type":"string","description":"key"},"loop_max_iterations":{"type":"string","description":"Iteration budget for the SPAWNED LOOP (agentic-loop's per-iteration cap on the agent this action spawns) — distinct from the action-level firing cap 'max_iterations' above, which bounds how many times this action itself fires. Supports variable substitution (literal or $entity.triple.* reference); must resolve to a positive integer or the action fails."},"max_iterations":{"type":"int","description":"max_iterations"},"merge":{"type":"bool","description":"merge"},"model":{"type":"string","description":"model"},"object":{"type":"string","description":"object"},"payload":{"type":"object","description":"payload"},"phase":{"type":"string","description":"phase"},"predicate":{"type":"string","description":"predicate"},"projection_contract":{"type":"string","description":"projection_contract"},"projection_group":{"type":"string","description":"projection_group"},"prompt":{"type":"string","description":"prompt"},"properties":{"type":"object","description":"properties"},"reason":{"type":"string","description":"reason"},"related_loops":{"type":"object","description":"related_loops"},"response_format":{"type":"object","description":"response_format","properties":{"name":{"type":"string","description":"name"},"schema":{"type":"object","description":"schema"},"strict":{"type":"bool","description":"strict"},"type":{"type":"string","description":"type"}}},"role":{"type":"string","description":"role"},"run_scope":{"type":"string","description":"run_scope"},"scratch_paths":{"type":"array","description":"scratch_paths","items":{"type":"string","description":""}},"set":{"type":"object","description":"set"},"subject":{"type":"string","description":"subject"},"tool_choice":{"type":"object","description":"tool_choice","properties":{"function_name":{"type":"string","description":"function_name"},"mode":{"type":"string","description":"mode"}}},"tools":{"type":"array","description":"tools","items":{"type":"string","description":""}},"ttl":{"type":"string","description":"ttl"},"type":{"type":"string","description":"type"},"when":{"type":"array","description":"when","items":{"type":"object","description":"","properties":{"field":{"type":"string","description":"field"},"from":{"type":"string","description":"from"},"operator":{"type":"string","description":"operator"},"required":{"type":"bool","description":"required"},"value":{"type":"string","description":"value"}}}},"workflow":{"type":"string","description":"workflow"},"workflow_slug":{"type":"string","description":"workflow_slug"},"workflow_step":{"type":"string","description":"workflow_step"}}}},"on_recovery":{"type":"array","description":"on_recovery","items":{"type":"object","description":"","properties":{"action_allowlist":{"type":"array","description":"action_allowlist","items":{"type":"string","description":""}},"bucket":{"type":"string","description":"bucket"},"filesystem_policy":{"type":"string","description":"filesystem_policy"},"for_each":{"type":"string","description":"for_each"},"for_each_var":{"type":"string","description":"for_each_var"},"id":{"type":"string","description":"id"},"key":{"type":"string","description":"key"},"loop_max_iterations":{"type":"string","description":"Iteration budget for the SPAWNED LOOP (agentic-loop's per-iteration cap on the agent this action spawns) — distinct from the action-level firing cap 'max_iterations' above, which bounds how many times this action itself fires. Supports variable substitution (literal or $entity.triple.* reference); must resolve to a positive integer or the action fails."},"max_iterations":{"type":"int","description":"max_iterations"},"merge":{"type":"bool","description":"merge"},"model":{"type":"string","description":"model"},"object":{"type":"string","description":"object"},"payload":{"type":"object","description":"payload"},"phase":{"type":"string","description":"phase"},"predicate":{"type":"string","description":"predicate"},"projection_contract":{"type":"string","description":"projection_contract"},"projection_group":{"type":"string","description":"projection_group"},"prompt":{"type":"string","description":"prompt"},"properties":{"type":"object","description":"properties"},"reason":{"type":"string","description":"reason"},"related_loops":{"type":"object","description":"related_loops"},"response_format":{"type":"object","description":"response_format","properties":{"name":{"type":"string","description":"name"},"schema":{"type":"object","description":"schema"},"strict":{"type":"bool","description":"strict"},"type":{"type":"string","description":"type"}}},"role":{"type":"string","description":"role"},"run_scope":{"type":"string","description":"run_scope"},"scratch_paths":{"type":"array","description":"scratch_paths","items":{"type":"string","description":""}},"set":{"type":"object","description":"set"},"subject":{"type":"string","description":"subject"},"tool_choice":{"type":"object","description":"tool_choice","properties":{"function_name":{"type":"string","description":"function_name"},"mode":{"type":"string","description":"mode"}}},"tools":{"type":"array","description":"tools","items":{"type":"string","description":""}},"ttl":{"type":"string","description":"ttl"},"type":{"type":"string","description":"type"},"when":{"type":"array","description":"when","items":{"type":"object","description":"","properties":{"field":{"type":"string","description":"field"},"from":{"type":"string","description":"from"},"operator":{"type":"string","description":"operator"},"required":{"type":"bool","description":"required"},"value":{"type":"string","description":"value"}}}},"workflow":{"type":"string","description":"workflow"},"workflow_slug":{"type":"string","description":"workflow_slug"},"workflow_step":{"type":"string","description":"workflow_step"}}}},"related_patterns":{"type":"array","description":"related_patterns","items":{"type":"string","description":""}},"rerun_on_recovery":{"type":"bool","description":"rerun_on_recovery"},"schedule":{"type":"string","description":"schedule"},"type":{"type":"string","description":"type"},"while_true":{"type":"array","description":"while_true","items":{"type":"object","description":"","properties":{"action_allowlist":{"type":"array","description":"action_allowlist","items":{"type":"string","description":""}},"bucket":{"type":"string","description":"bucket"},"filesystem_policy":{"type":"string","description":"filesystem_policy"},"for_each":{"type":"string","description":"for_each"},"for_each_var":{"type":"string","description":"for_each_var"},"id":{"type":"string","description":"id"},"key":{"type":"string","description":"key"},"loop_max_iterations":{"type":"string","description":"Iteration budget for the SPAWNED LOOP (agentic-loop's per-iteration cap on the agent this action spawns) — distinct from the action-level firing cap 'max_iterations' above, which bounds how many times this action itself fires. Supports variable substitution (literal or $entity.triple.* reference); must resolve to a positive integer or the action fails."},"max_iterations":{"type":"int","description":"max_iterations"},"merge":{"type":"bool","description":"merge"},"model":{"type":"string","description":"model"},"object":{"type":"string","description":"object"},"payload":{"type":"object","description":"payload"},"phase":{"type":"string","description":"phase"},"predicate":{"type":"string","description":"predicate"},"projection_contract":{"type":"string","description":"projection_contract"},"projection_group":{"type":"string","description":"projection_group"},"prompt":{"type":"string","description":"prompt"},"properties":{"type":"object","description":"properties"},"reason":{"type":"string","description":"reason"},"related_loops":{"type":"object","description":"related_loops"},"response_format":{"type":"object","description":"response_format","properties":{"name":{"type":"string","description":"name"},"schema":{"type":"object","description":"schema"},"strict":{"type":"bool","description":"strict"},"type":{"type":"string","description":"type"}}},"role":{"type":"string","description":"role"},"run_scope":{"type":"string","description":"run_scope"},"scratch_paths":{"type":"array","description":"scratch_paths","items":{"type":"string","description":""}},"set":{"type":"object","description":"set"},"subject":{"type":"string","description":"subject"},"tool_choice":{"type":"object","description":"tool_choice","properties":{"function_name":{"type":"string","description":"function_name"},"mode":{"type":"string","description":"mode"}}},"tools":{"type":"array","description":"tools","items":{"type":"string","description":""}},"ttl":{"type":"string","description":"ttl"},"type":{"type":"string","description":"type"},"when":{"type":"array","description":"when","items":{"type":"object","description":"","properties":{"field":{"type":"string","description":"field"},"from":{"type":"string","description":"from"},"operator":{"type":"string","description":"operator"},"required":{"type":"bool","description":"required"},"value":{"type":"string","description":"value"}}}},"workflow":{"type":"string","description":"workflow"},"workflow_slug":{"type":"string","description":"workflow_slug"},"workflow_step":{"type":"string","description":"workflow_step"}}}}}}},"pack_id":{"type":"string","description":"Required stable rule-pack projection and graph-event producer identity","minLength":1,"maxLength":246,"pattern":"^[A-Za-z0-9_=-]+$","category":"basic"},"ports":{"type":"ports","description":"Port configuration for ENTITY_STATES and message inputs plus action outputs","category":"basic","portFields":{"config":{"type":"object","editable":true,"variants":{"file":{"type":"object","editable":true,"required":["kind","path"],"directions":["input","output"],"properties":{"kind":{"type":"enum","editable":false,"enum":["file"]},"path":{"type":"string","editable":true},"pattern":{"type":"string","editable":true}},"additionalProperties":false},"http-client":{"type":"object","editable":true,"required":["kind","method","url_pattern"],"directions":["input"],"properties":{"auth_ref":{"type":"string","editable":true},"contact_policy":{"type":"string","editable":true},"interface":{"type":"object","editable":true,"required":["type"],"properties":{"compatible":{"type":"array","editable":true,"items":{"type":"string","editable":true}},"type":{"type":"string","editable":true},"version":{"type":"string","editable":true}},"additionalProperties":false},"kind":{"type":"enum","editable":false,"enum":["http-client"]},"method":{"type":"string","editable":true},"trigger_port":{"type":"string","editable":true},"url_pattern":{"type":"string","editable":true}},"additionalProperties":false},"jetstream":{"type":"object","editable":true,"required":["kind","subjects"],"requiredByDirection":{"input":["stream_name"]},"directions":["input","output"],"properties":{"ack_policy":{"type":"string","editable":true},"ack_wait":{"type":"string","editable":true},"consumer_name":{"type":"string","editable":true},"deliver_policy":{"type":"string","editable":true},"heartbeat_interval":{"type":"string","editable":true},"interface":{"type":"object","editable":true,"required":["type"],"properties":{"compatible":{"type":"array","editable":true,"items":{"type":"string","editable":true}},"type":{"type":"string","editable":true},"version":{"type":"string","editable":true}},"additionalProperties":false},"kind":{"type":"enum","editable":false,"enum":["jetstream"]},"max_ack_pending":{"type":"int","editable":true},"max_deliver":{"type":"int","editable":true},"max_size_gb":{"type":"int","editable":true},"replicas":{"type":"int","editable":true},"retention":{"type":"string","editable":true},"retention_days":{"type":"int","editable":true},"storage":{"type":"string","editable":true},"stream_name":{"type":"string","editable":true},"subjects":{"type":"array","editable":true,"items":{"type":"string","editable":true}}},"additionalProperties":false},"kv-read":{"type":"object","editable":true,"required":["kind","bucket"],"directions":["input"],"properties":{"bucket":{"type":"string","editable":true},"interface":{"type":"object","editable":true,"required":["type"],"properties":{"compatible":{"type":"array","editable":true,"items":{"type":"string","editable":true}},"type":{"type":"string","editable":true},"version":{"type":"string","editable":true}},"additionalProperties":false},"kind":{"type":"enum","editable":false,"enum":["kv-read"]}},"additionalProperties":false},"kv-watch":{"type":"object","editable":true,"required":["kind","bucket"],"directions":["input"],"properties":{"bucket":{"type":"string","editable":true},"history":{"type":"bool","editable":true},"interface":{"type":"object","editable":true,"required":["type"],"properties":{"compatible":{"type":"array","editable":true,"items":{"type":"string","editable":true}},"type":{"type":"string","editable":true},"version":{"type":"string","editable":true}},"additionalProperties":false},"keys":{"type":"array","editable":true,"items":{"type":"string","editable":true}},"kind":{"type":"enum","editable":false,"enum":["kv-watch"]}},"additionalProperties":false},"kv-write":{"type":"object","editable":true,"required":["kind","bucket"],"directions":["output"],"properties":{"bucket":{"type":"string","editable":true},"interface":{"type":"object","editable":true,"required":["type"],"properties":{"compatible":{"type":"array","editable":true,"items":{"type":"string","editable":true}},"type":{"type":"string","editable":true},"version":{"type":"string","editable":true}},"additionalProperties":false},"kind":{"type":"enum","editable":false,"enum":["kv-write"]}},"additionalProperties":false},"nats":{"type":"object","editable":true,"required":["kind","subject"],"directions":["input","output"],"properties":{"interface":{"type":"object","editable":true,"required":["type"],"properties":{"compatible":{"type":"array","editable":true,"items":{"type":"string","editable":true}},"type":{"type":"string","editable":true},"version":{"type":"string","editable":true}},"additionalProperties":false},"kind":{"type":"enum","editable":false,"enum":["nats"]},"queue":{"type":"string","editable":true},"subject":{"type":"string","editable":true}},"additionalProperties":false},"nats-request":{"type":"object","editable":true,"required":["kind","subject"],"directions":["input","output"],"properties":{"interface":{"type":"object","editable":true,"required":["type"],"properties":{"compatible":{"type":"array","editable":true,"items":{"type":"string","editable":true}},"type":{"type":"string","editable":true},"version":{"type":"string","editable":true}},"additionalProperties":false},"kind":{"type":"enum","editable":false,"enum":["nats-request"]},"retries":{"type":"int","editable":true},"subject":{"type":"string","editable":true},"timeout":{"type":"string","editable":true}},"additionalProperties":false},"network":{"type":"object","editable":true,"required":["kind","protocol","port"],"directions":["input","output"],"properties":{"host":{"type":"string","editable":true},"kind":{"type":"enum","editable":false,"enum":["network"]},"port":{"type":"int","editable":true},"protocol":{"type":"string","editable":true}},"additionalProperties":false},"store-provide":{"type":"object","editable":true,"required":["kind","instance"],"directions":["output"],"properties":{"instance":{"type":"string","editable":true},"kind":{"type":"enum","editable":false,"enum":["store-provide"]}},"additionalProperties":false},"store-read":{"type":"object","editable":true,"required":["kind","bucket"],"directions":["input"],"properties":{"bucket":{"type":"string","editable":true},"interface":{"type":"object","editable":true,"required":["type"],"properties":{"compatible":{"type":"array","editable":true,"items":{"type":"string","editable":true}},"type":{"type":"string","editable":true},"version":{"type":"string","editable":true}},"additionalProperties":false},"kind":{"type":"enum","editable":false,"enum":["store-read"]}},"additionalProperties":false},"timer":{"type":"object","editable":true,"required":["kind","interval"],"directions":["input"],"properties":{"interface":{"type":"object","editable":true,"required":["type"],"properties":{"compatible":{"type":"array","editable":true,"items":{"type":"string","editable":true}},"type":{"type":"string","editable":true},"version":{"type":"string","editable":true}},"additionalProperties":false},"interval":{"type":"string","editable":true},"kind":{"type":"enum","editable":false,"enum":["timer"]}},"additionalProperties":false}}},"description":{"type":"string","editable":false},"name":{"type":"string","editable":false},"required":{"type":"bool","editable":false}}},"projection_contracts":{"type":"array","description":"Optional explicit local projection contract; omit to derive minimal reconcile groups and statically provable entity scope from initial actions. Birth predicates indexing profile and message type are explicit-only","category":"advanced","items":{"type":"object","description":"","properties":{"birth_predicates":{"type":"array","description":"birth_predicates","items":{"type":"string","description":""}},"entity_pattern":{"type":"string","description":"entity_pattern"},"groups":{"type":"array","description":"groups","items":{"type":"object","description":"","properties":{"mode":{"type":"string","description":"mode"},"name":{"type":"string","description":"name"},"predicates":{"type":"array","description":"predicates","items":{"type":"string","description":""}}}}},"indexing_profile":{"type":"string","description":"indexing_profile"},"message_type":{"type":"string","description":"message_type"},"name":{"type":"string","description":"name"}}}},"rules":{"type":"object","description":"Dynamic rule definitions (rules.{rule_id} pattern)","default":{},"category":"advanced"},"rules_files":{"type":"array","description":"Paths to JSON rule definition files","default":["[]"],"category":"basic","items":{"type":"string","description":""}},"startup_attempts":{"type":"int","description":"Max attempts to wait for ENTITY_STATES at startup","category":"advanced"},"startup_interval_ms":{"type":"int","description":"Interval between startup attempts in milliseconds","category":"advanced"}},"required":["pack_id"]},"dependencies":null},"udp":{"name":"udp","type":"input","protocol":"udp","domain":"network","description":"UDP input component for receiving MAVLink and other UDP data","version":"1.0.0","schema":{"properties":{"ports":{"type":"ports","description":"Port configuration","category":"basic","portFields":{"config":{"type":"object","editable":true,"variants":{"file":{"type":"object","editable":true,"required":["kind","path"],"directions":["input","output"],"properties":{"kind":{"type":"enum","editable":false,"enum":["file"]},"path":{"type":"string","editable":true},"pattern":{"type":"string","editable":true}},"additionalProperties":false},"http-client":{"type":"object","editable":true,"required":["kind","method","url_pattern"],"directions":["input"],"properties":{"auth_ref":{"type":"string","editable":true},"contact_policy":{"type":"string","editable":true},"interface":{"type":"object","editable":true,"required":["type"],"properties":{"compatible":{"type":"array","editable":true,"items":{"type":"string","editable":true}},"type":{"type":"string","editable":true},"version":{"type":"string","editable":true}},"additionalProperties":false},"kind":{"type":"enum","editable":false,"enum":["http-client"]},"method":{"type":"string","editable":true},"trigger_port":{"type":"string","editable":true},"url_pattern":{"type":"string","editable":true}},"additionalProperties":false},"jetstream":{"type":"object","editable":true,"required":["kind","subjects"],"requiredByDirection":{"input":["stream_name"]},"directions":["input","output"],"properties":{"ack_policy":{"type":"string","editable":true},"ack_wait":{"type":"string","editable":true},"consumer_name":{"type":"string","editable":true},"deliver_policy":{"type":"string","editable":true},"heartbeat_interval":{"type":"string","editable":true},"interface":{"type":"object","editable":true,"required":["type"],"properties":{"compatible":{"type":"array","editable":true,"items":{"type":"string","editable":true}},"type":{"type":"string","editable":true},"version":{"type":"string","editable":true}},"additionalProperties":false},"kind":{"type":"enum","editable":false,"enum":["jetstream"]},"max_ack_pending":{"type":"int","editable":true},"max_deliver":{"type":"int","editable":true},"max_size_gb":{"type":"int","editable":true},"replicas":{"type":"int","editable":true},"retention":{"type":"string","editable":true},"retention_days":{"type":"int","editable":true},"storage":{"type":"string","editable":true},"stream_name":{"type":"string","editable":true},"subjects":{"type":"array","editable":true,"items":{"type":"string","editable":true}}},"additionalProperties":false},"kv-read":{"type":"object","editable":true,"required":["kind","bucket"],"directions":["input"],"properties":{"bucket":{"type":"string","editable":true},"interface":{"type":"object","editable":true,"required":["type"],"properties":{"compatible":{"type":"array","editable":true,"items":{"type":"string","editable":true}},"type":{"type":"string","editable":true},"version":{"type":"string","editable":true}},"additionalProperties":false},"kind":{"type":"enum","editable":false,"enum":["kv-read"]}},"additionalProperties":false},"kv-watch":{"type":"object","editable":true,"required":["kind","bucket"],"directions":["input"],"properties":{"bucket":{"type":"string","editable":true},"history":{"type":"bool","editable":true},"interface":{"type":"object","editable":true,"required":["type"],"properties":{"compatible":{"type":"array","editable":true,"items":{"type":"string","editable":true}},"type":{"type":"string","editable":true},"version":{"type":"string","editable":true}},"additionalProperties":false},"keys":{"type":"array","editable":true,"items":{"type":"string","editable":true}},"kind":{"type":"enum","editable":false,"enum":["kv-watch"]}},"additionalProperties":false},"kv-write":{"type":"object","editable":true,"required":["kind","bucket"],"directions":["output"],"properties":{"bucket":{"type":"string","editable":true},"interface":{"type":"object","editable":true,"required":["type"],"properties":{"compatible":{"type":"array","editable":true,"items":{"type":"string","editable":true}},"type":{"type":"string","editable":true},"version":{"type":"string","editable":true}},"additionalProperties":false},"kind":{"type":"enum","editable":false,"enum":["kv-write"]}},"additionalProperties":false},"nats":{"type":"object","editable":true,"required":["kind","subject"],"directions":["input","output"],"properties":{"interface":{"type":"object","editable":true,"required":["type"],"properties":{"compatible":{"type":"array","editable":true,"items":{"type":"string","editable":true}},"type":{"type":"string","editable":true},"version":{"type":"string","editable":true}},"additionalProperties":false},"kind":{"type":"enum","editable":false,"enum":["nats"]},"queue":{"type":"string","editable":true},"subject":{"type":"string","editable":true}},"additionalProperties":false},"nats-request":{"type":"object","editable":true,"required":["kind","subject"],"directions":["input","output"],"properties":{"interface":{"type":"object","editable":true,"required":["type"],"properties":{"compatible":{"type":"array","editable":true,"items":{"type":"string","editable":true}},"type":{"type":"string","editable":true},"version":{"type":"string","editable":true}},"additionalProperties":false},"kind":{"type":"enum","editable":false,"enum":["nats-request"]},"retries":{"type":"int","editable":true},"subject":{"type":"string","editable":true},"timeout":{"type":"string","editable":true}},"additionalProperties":false},"network":{"type":"object","editable":true,"required":["kind","protocol","port"],"directions":["input","output"],"properties":{"host":{"type":"string","editable":true},"kind":{"type":"enum","editable":false,"enum":["network"]},"port":{"type":"int","editable":true},"protocol":{"type":"string","editable":true}},"additionalProperties":false},"store-provide":{"type":"object","editable":true,"required":["kind","instance"],"directions":["output"],"properties":{"instance":{"type":"string","editable":true},"kind":{"type":"enum","editable":false,"enum":["store-provide"]}},"additionalProperties":false},"store-read":{"type":"object","editable":true,"required":["kind","bucket"],"directions":["input"],"properties":{"bucket":{"type":"string","editable":true},"interface":{"type":"object","editable":true,"required":["type"],"properties":{"compatible":{"type":"array","editable":true,"items":{"type":"string","editable":true}},"type":{"type":"string","editable":true},"version":{"type":"string","editable":true}},"additionalProperties":false},"kind":{"type":"enum","editable":false,"enum":["store-read"]}},"additionalProperties":false},"timer":{"type":"object","editable":true,"required":["kind","interval"],"directions":["input"],"properties":{"interface":{"type":"object","editable":true,"required":["type"],"properties":{"compatible":{"type":"array","editable":true,"items":{"type":"string","editable":true}},"type":{"type":"string","editable":true},"version":{"type":"string","editable":true}},"additionalProperties":false},"interval":{"type":"string","editable":true},"kind":{"type":"enum","editable":false,"enum":["timer"]}},"additionalProperties":false}}},"description":{"type":"string","editable":false},"name":{"type":"string","editable":false},"required":{"type":"bool","editable":false}}}},"required":[]},"dependencies":null},"websocket":{"name":"websocket","type":"output","protocol":"websocket","domain":"network","description":"WebSocket output component for real-time visualization and data streaming","version":"1.0.0","schema":{"properties":{"ack_timeout":{"type":"string","description":"Acknowledgment timeout (e.g. 5s)","category":"advanced"},"delivery_mode":{"type":"string","description":"Delivery reliability mode","category":"advanced"},"passthrough":{"type":"bool","description":"Broadcast pre-validated JSON unchanged (producer owns envelope; no timestamp/subject injection)","default":false,"category":"advanced"},"ports":{"type":"ports","description":"Port configuration","category":"basic","portFields":{"config":{"type":"object","editable":true,"variants":{"file":{"type":"object","editable":true,"required":["kind","path"],"directions":["input","output"],"properties":{"kind":{"type":"enum","editable":false,"enum":["file"]},"path":{"type":"string","editable":true},"pattern":{"type":"string","editable":true}},"additionalProperties":false},"http-client":{"type":"object","editable":true,"required":["kind","method","url_pattern"],"directions":["input"],"properties":{"auth_ref":{"type":"string","editable":true},"contact_policy":{"type":"string","editable":true},"interface":{"type":"object","editable":true,"required":["type"],"properties":{"compatible":{"type":"array","editable":true,"items":{"type":"string","editable":true}},"type":{"type":"string","editable":true},"version":{"type":"string","editable":true}},"additionalProperties":false},"kind":{"type":"enum","editable":false,"enum":["http-client"]},"method":{"type":"string","editable":true},"trigger_port":{"type":"string","editable":true},"url_pattern":{"type":"string","editable":true}},"additionalProperties":false},"jetstream":{"type":"object","editable":true,"required":["kind","subjects"],"requiredByDirection":{"input":["stream_name"]},"directions":["input","output"],"properties":{"ack_policy":{"type":"string","editable":true},"ack_wait":{"type":"string","editable":true},"consumer_name":{"type":"string","editable":true},"deliver_policy":{"type":"string","editable":true},"heartbeat_interval":{"type":"string","editable":true},"interface":{"type":"object","editable":true,"required":["type"],"properties":{"compatible":{"type":"array","editable":true,"items":{"type":"string","editable":true}},"type":{"type":"string","editable":true},"version":{"type":"string","editable":true}},"additionalProperties":false},"kind":{"type":"enum","editable":false,"enum":["jetstream"]},"max_ack_pending":{"type":"int","editable":true},"max_deliver":{"type":"int","editable":true},"max_size_gb":{"type":"int","editable":true},"replicas":{"type":"int","editable":true},"retention":{"type":"string","editable":true},"retention_days":{"type":"int","editable":true},"storage":{"type":"string","editable":true},"stream_name":{"type":"string","editable":true},"subjects":{"type":"array","editable":true,"items":{"type":"string","editable":true}}},"additionalProperties":false},"kv-read":{"type":"object","editable":true,"required":["kind","bucket"],"directions":["input"],"properties":{"bucket":{"type":"string","editable":true},"interface":{"type":"object","editable":true,"required":["type"],"properties":{"compatible":{"type":"array","editable":true,"items":{"type":"string","editable":true}},"type":{"type":"string","editable":true},"version":{"type":"string","editable":true}},"additionalProperties":false},"kind":{"type":"enum","editable":false,"enum":["kv-read"]}},"additionalProperties":false},"kv-watch":{"type":"object","editable":true,"required":["kind","bucket"],"directions":["input"],"properties":{"bucket":{"type":"string","editable":true},"history":{"type":"bool","editable":true},"interface":{"type":"object","editable":true,"required":["type"],"properties":{"compatible":{"type":"array","editable":true,"items":{"type":"string","editable":true}},"type":{"type":"string","editable":true},"version":{"type":"string","editable":true}},"additionalProperties":false},"keys":{"type":"array","editable":true,"items":{"type":"string","editable":true}},"kind":{"type":"enum","editable":false,"enum":["kv-watch"]}},"additionalProperties":false},"kv-write":{"type":"object","editable":true,"required":["kind","bucket"],"directions":["output"],"properties":{"bucket":{"type":"string","editable":true},"interface":{"type":"object","editable":true,"required":["type"],"properties":{"compatible":{"type":"array","editable":true,"items":{"type":"string","editable":true}},"type":{"type":"string","editable":true},"version":{"type":"string","editable":true}},"additionalProperties":false},"kind":{"type":"enum","editable":false,"enum":["kv-write"]}},"additionalProperties":false},"nats":{"type":"object","editable":true,"required":["kind","subject"],"directions":["input","output"],"properties":{"interface":{"type":"object","editable":true,"required":["type"],"properties":{"compatible":{"type":"array","editable":true,"items":{"type":"string","editable":true}},"type":{"type":"string","editable":true},"version":{"type":"string","editable":true}},"additionalProperties":false},"kind":{"type":"enum","editable":false,"enum":["nats"]},"queue":{"type":"string","editable":true},"subject":{"type":"string","editable":true}},"additionalProperties":false},"nats-request":{"type":"object","editable":true,"required":["kind","subject"],"directions":["input","output"],"properties":{"interface":{"type":"object","editable":true,"required":["type"],"properties":{"compatible":{"type":"array","editable":true,"items":{"type":"string","editable":true}},"type":{"type":"string","editable":true},"version":{"type":"string","editable":true}},"additionalProperties":false},"kind":{"type":"enum","editable":false,"enum":["nats-request"]},"retries":{"type":"int","editable":true},"subject":{"type":"string","editable":true},"timeout":{"type":"string","editable":true}},"additionalProperties":false},"network":{"type":"object","editable":true,"required":["kind","protocol","port"],"directions":["input","output"],"properties":{"host":{"type":"string","editable":true},"kind":{"type":"enum","editable":false,"enum":["network"]},"port":{"type":"int","editable":true},"protocol":{"type":"string","editable":true}},"additionalProperties":false},"store-provide":{"type":"object","editable":true,"required":["kind","instance"],"directions":["output"],"properties":{"instance":{"type":"string","editable":true},"kind":{"type":"enum","editable":false,"enum":["store-provide"]}},"additionalProperties":false},"store-read":{"type":"object","editable":true,"required":["kind","bucket"],"directions":["input"],"properties":{"bucket":{"type":"string","editable":true},"interface":{"type":"object","editable":true,"required":["type"],"properties":{"compatible":{"type":"array","editable":true,"items":{"type":"string","editable":true}},"type":{"type":"string","editable":true},"version":{"type":"string","editable":true}},"additionalProperties":false},"kind":{"type":"enum","editable":false,"enum":["store-read"]}},"additionalProperties":false},"timer":{"type":"object","editable":true,"required":["kind","interval"],"directions":["input"],"properties":{"interface":{"type":"object","editable":true,"required":["type"],"properties":{"compatible":{"type":"array","editable":true,"items":{"type":"string","editable":true}},"type":{"type":"string","editable":true},"version":{"type":"string","editable":true}},"additionalProperties":false},"interval":{"type":"string","editable":true},"kind":{"type":"enum","editable":false,"enum":["timer"]}},"additionalProperties":false}}},"description":{"type":"string","editable":false},"name":{"type":"string","editable":false},"required":{"type":"bool","editable":false}}}},"required":[]},"dependencies":null},"websocket_input":{"name":"websocket_input","type":"input","protocol":"websocket","domain":"network","description":"WebSocket input for receiving federated data from remote StreamKit instances","version":"1.0.0","schema":{"properties":{"backpressure":{"type":"object","description":"Backpressure handling configuration","category":"advanced","properties":{"enabled":{"type":"bool","description":"Enable backpressure handling","category":"basic"}}},"bidirectional":{"type":"object","description":"Bidirectional request/reply configuration","category":"advanced","properties":{"enabled":{"type":"bool","description":"Enable request/reply patterns","category":"basic"}}},"mode":{"type":"string","description":"Operation mode (server or client)","category":"basic"},"ports":{"type":"ports","description":"Port configuration","category":"basic","portFields":{"config":{"type":"object","editable":true,"variants":{"file":{"type":"object","editable":true,"required":["kind","path"],"directions":["input","output"],"properties":{"kind":{"type":"enum","editable":false,"enum":["file"]},"path":{"type":"string","editable":true},"pattern":{"type":"string","editable":true}},"additionalProperties":false},"http-client":{"type":"object","editable":true,"required":["kind","method","url_pattern"],"directions":["input"],"properties":{"auth_ref":{"type":"string","editable":true},"contact_policy":{"type":"string","editable":true},"interface":{"type":"object","editable":true,"required":["type"],"properties":{"compatible":{"type":"array","editable":true,"items":{"type":"string","editable":true}},"type":{"type":"string","editable":true},"version":{"type":"string","editable":true}},"additionalProperties":false},"kind":{"type":"enum","editable":false,"enum":["http-client"]},"method":{"type":"string","editable":true},"trigger_port":{"type":"string","editable":true},"url_pattern":{"type":"string","editable":true}},"additionalProperties":false},"jetstream":{"type":"object","editable":true,"required":["kind","subjects"],"requiredByDirection":{"input":["stream_name"]},"directions":["input","output"],"properties":{"ack_policy":{"type":"string","editable":true},"ack_wait":{"type":"string","editable":true},"consumer_name":{"type":"string","editable":true},"deliver_policy":{"type":"string","editable":true},"heartbeat_interval":{"type":"string","editable":true},"interface":{"type":"object","editable":true,"required":["type"],"properties":{"compatible":{"type":"array","editable":true,"items":{"type":"string","editable":true}},"type":{"type":"string","editable":true},"version":{"type":"string","editable":true}},"additionalProperties":false},"kind":{"type":"enum","editable":false,"enum":["jetstream"]},"max_ack_pending":{"type":"int","editable":true},"max_deliver":{"type":"int","editable":true},"max_size_gb":{"type":"int","editable":true},"replicas":{"type":"int","editable":true},"retention":{"type":"string","editable":true},"retention_days":{"type":"int","editable":true},"storage":{"type":"string","editable":true},"stream_name":{"type":"string","editable":true},"subjects":{"type":"array","editable":true,"items":{"type":"string","editable":true}}},"additionalProperties":false},"kv-read":{"type":"object","editable":true,"required":["kind","bucket"],"directions":["input"],"properties":{"bucket":{"type":"string","editable":true},"interface":{"type":"object","editable":true,"required":["type"],"properties":{"compatible":{"type":"array","editable":true,"items":{"type":"string","editable":true}},"type":{"type":"string","editable":true},"version":{"type":"string","editable":true}},"additionalProperties":false},"kind":{"type":"enum","editable":false,"enum":["kv-read"]}},"additionalProperties":false},"kv-watch":{"type":"object","editable":true,"required":["kind","bucket"],"directions":["input"],"properties":{"bucket":{"type":"string","editable":true},"history":{"type":"bool","editable":true},"interface":{"type":"object","editable":true,"required":["type"],"properties":{"compatible":{"type":"array","editable":true,"items":{"type":"string","editable":true}},"type":{"type":"string","editable":true},"version":{"type":"string","editable":true}},"additionalProperties":false},"keys":{"type":"array","editable":true,"items":{"type":"string","editable":true}},"kind":{"type":"enum","editable":false,"enum":["kv-watch"]}},"additionalProperties":false},"kv-write":{"type":"object","editable":true,"required":["kind","bucket"],"directions":["output"],"properties":{"bucket":{"type":"string","editable":true},"interface":{"type":"object","editable":true,"required":["type"],"properties":{"compatible":{"type":"array","editable":true,"items":{"type":"string","editable":true}},"type":{"type":"string","editable":true},"version":{"type":"string","editable":true}},"additionalProperties":false},"kind":{"type":"enum","editable":false,"enum":["kv-write"]}},"additionalProperties":false},"nats":{"type":"object","editable":true,"required":["kind","subject"],"directions":["input","output"],"properties":{"interface":{"type":"object","editable":true,"required":["type"],"properties":{"compatible":{"type":"array","editable":true,"items":{"type":"string","editable":true}},"type":{"type":"string","editable":true},"version":{"type":"string","editable":true}},"additionalProperties":false},"kind":{"type":"enum","editable":false,"enum":["nats"]},"queue":{"type":"string","editable":true},"subject":{"type":"string","editable":true}},"additionalProperties":false},"nats-request":{"type":"object","editable":true,"required":["kind","subject"],"directions":["input","output"],"properties":{"interface":{"type":"object","editable":true,"required":["type"],"properties":{"compatible":{"type":"array","editable":true,"items":{"type":"string","editable":true}},"type":{"type":"string","editable":true},"version":{"type":"string","editable":true}},"additionalProperties":false},"kind":{"type":"enum","editable":false,"enum":["nats-request"]},"retries":{"type":"int","editable":true},"subject":{"type":"string","editable":true},"timeout":{"type":"string","editable":true}},"additionalProperties":false},"network":{"type":"object","editable":true,"required":["kind","protocol","port"],"directions":["input","output"],"properties":{"host":{"type":"string","editable":true},"kind":{"type":"enum","editable":false,"enum":["network"]},"port":{"type":"int","editable":true},"protocol":{"type":"string","editable":true}},"additionalProperties":false},"store-provide":{"type":"object","editable":true,"required":["kind","instance"],"directions":["output"],"properties":{"instance":{"type":"string","editable":true},"kind":{"type":"enum","editable":false,"enum":["store-provide"]}},"additionalProperties":false},"store-read":{"type":"object","editable":true,"required":["kind","bucket"],"directions":["input"],"properties":{"bucket":{"type":"string","editable":true},"interface":{"type":"object","editable":true,"required":["type"],"properties":{"compatible":{"type":"array","editable":true,"items":{"type":"string","editable":true}},"type":{"type":"string","editable":true},"version":{"type":"string","editable":true}},"additionalProperties":false},"kind":{"type":"enum","editable":false,"enum":["store-read"]}},"additionalProperties":false},"timer":{"type":"object","editable":true,"required":["kind","interval"],"directions":["input"],"properties":{"interface":{"type":"object","editable":true,"required":["type"],"properties":{"compatible":{"type":"array","editable":true,"items":{"type":"string","editable":true}},"type":{"type":"string","editable":true},"version":{"type":"string","editable":true}},"additionalProperties":false},"interval":{"type":"string","editable":true},"kind":{"type":"enum","editable":false,"enum":["timer"]}},"additionalProperties":false}}},"description":{"type":"string","editable":false},"name":{"type":"string","editable":false},"required":{"type":"bool","editable":false}}}},"required":[]},"dependencies":null}}}
semstreams-backend-1  | {"time":"2026-10-01T09:40:46.58921642Z","level":"INFO","msg":"INFO Created new KV bucket bucket=PERSONAS","service":"semstreams","version":"dev","pid":1}
semstreams-backend-1  | {"time":"2026-10-01T09:40:46.592569711Z","level":"INFO","msg":"persona file loader: load complete","service":"semstreams","version":"dev","pid":1,"fragments":3,"role_dirs":2,"root":"/app/configs/personas/fragments"}
semstreams-backend-1  | {"time":"2026-10-01T09:40:46.593141836Z","level":"INFO","msg":"INFO Using existing KV bucket bucket=semstreams_config","service":"semstreams","version":"dev","pid":1}
semstreams-backend-1  | {"time":"2026-10-01T09:40:46.59317092Z","level":"INFO","msg":"Initialized KVStore for rule configuration","service":"semstreams","version":"dev","pid":1,"component":"rule-config-manager"}
semstreams-backend-1  | {"time":"2026-10-01T09:40:46.595243836Z","level":"INFO","msg":"INFO Created new KV bucket bucket=semstreams_flows","service":"semstreams","version":"dev","pid":1}
semstreams-backend-1  | {"time":"2026-10-01T09:40:46.599100003Z","level":"INFO","msg":"INFO Created new KV bucket bucket=FLOW_TEMPLATES","service":"semstreams","version":"dev","pid":1}
semstreams-backend-1  | {"time":"2026-10-01T09:40:46.59914067Z","level":"INFO","msg":"Registered bash tool","service":"semstreams","version":"dev","pid":1,"mode":"local"}
teamengine-1          | Request: GET http://cs-api-server:8080/controlstreams/c360.semconnect.systems.csapi.controlstream.ptz-01/schema
semstreams-backend-1  | {"time":"2026-10-01T09:40:46.599148003Z","level":"INFO","msg":"Registered web_search tool","service":"semstreams","version":"dev","pid":1,"provider":"stub"}
semstreams-backend-1  | {"time":"2026-10-01T09:40:46.599165378Z","level":"INFO","msg":"Registered http_request tool","service":"semstreams","version":"dev","pid":1,"graph_emission":"true"}
semstreams-backend-1  | {"time":"2026-10-01T09:40:46.59917017Z","level":"INFO","msg":"Registered read_loop_result tool","service":"semstreams","version":"dev","pid":1,"bucket":"AGENT_LOOPS"}
semstreams-backend-1  | {"time":"2026-10-01T09:40:46.599188086Z","level":"INFO","msg":"Registered decide tool","service":"semstreams","version":"dev","pid":1,"org":"c360","platform":"conformance-beta160-001","restricted_decide_actions":0}
semstreams-backend-1  | {"time":"2026-10-01T09:40:46.599194628Z","level":"INFO","msg":"Registered emit_diagnosis tool","service":"semstreams","version":"dev","pid":1,"org":"c360","platform":"conformance-beta160-001"}
semstreams-backend-1  | {"time":"2026-10-01T09:40:46.599201711Z","level":"INFO","msg":"Registered emit_lesson tool","service":"semstreams","version":"dev","pid":1,"org":"c360","platform":"conformance-beta160-001"}
semstreams-backend-1  | {"time":"2026-10-01T09:40:46.599222086Z","level":"INFO","msg":"Registered graph query tools (lazy must-exist bind at execution time)","service":"semstreams","version":"dev","pid":1,"bucket":"ENTITY_STATES","count":5}
semstreams-backend-1  | {"time":"2026-10-01T09:40:46.599229378Z","level":"INFO","msg":"Registered write_todos tool","service":"semstreams","version":"dev","pid":1,"org":"c360","platform":"conformance-beta160-001"}
semstreams-backend-1  | {"time":"2026-10-01T09:40:46.599234211Z","level":"INFO","msg":"Registered scratchpad tool","service":"semstreams","version":"dev","pid":1,"org":"c360","platform":"conformance-beta160-001"}
semstreams-backend-1  | {"time":"2026-10-01T09:40:46.599337795Z","level":"INFO","msg":"Registered rule CRUD tools","service":"semstreams","version":"dev","pid":1,"count":5}
semstreams-backend-1  | {"time":"2026-10-01T09:40:46.599353045Z","level":"INFO","msg":"Registered flow CRUD tools","service":"semstreams","version":"dev","pid":1,"count":5}
semstreams-backend-1  | {"time":"2026-10-01T09:40:46.599364295Z","level":"INFO","msg":"Registered persona CRUD tools","service":"semstreams","version":"dev","pid":1,"count":5}
semstreams-backend-1  | {"time":"2026-10-01T09:40:46.59937642Z","level":"INFO","msg":"Registered flow-template tools","service":"semstreams","version":"dev","pid":1,"count":6}
semstreams-backend-1  | {"time":"2026-10-01T09:40:46.599379961Z","level":"INFO","msg":"Registered list_components tool","service":"semstreams","version":"dev","pid":1}
semstreams-backend-1  | {"time":"2026-10-01T09:40:46.599384378Z","level":"INFO","msg":"Registered monitor_flow tool","service":"semstreams","version":"dev","pid":1,"bucket":"AGENT_LOOPS"}
semstreams-backend-1  | {"time":"2026-10-01T09:40:46.59941842Z","level":"INFO","msg":"lifecycle: registered workflow","service":"semstreams","version":"dev","pid":1,"workflow":"agent-run","pattern":"*.*.agent.chain.execution.*","phase_count":6,"operator_writable_predicates":0,"child_workflows":0,"reference_predicates":0}
semstreams-backend-1  | {"time":"2026-10-01T09:40:46.600062753Z","level":"INFO","msg":"component initialized","service":"semstreams","version":"dev","pid":1,"component":"graph-ingest","component":"graph-ingest"}
semstreams-backend-1  | {"time":"2026-10-01T09:40:46.600465295Z","level":"INFO","msg":"graph-query coordinator initialized","service":"semstreams","version":"dev","pid":1,"component":"graph-query"}
semstreams-backend-1  | {"time":"2026-10-01T09:40:46.600961836Z","level":"INFO","msg":"component initialized","service":"semstreams","version":"dev","pid":1,"component":"graph-index","component":"graph-index"}
semstreams-backend-1  | {"time":"2026-10-01T09:40:46.601235336Z","level":"INFO","msg":"component initialized","service":"semstreams","version":"dev","pid":1,"component":"graph-index-spatial","component":"graph-index-spatial"}
semstreams-backend-1  | {"time":"2026-10-01T09:40:46.601478461Z","level":"INFO","msg":"component initialized","service":"semstreams","version":"dev","pid":1,"component":"graph-index-temporal","component":"graph-index-temporal"}
semstreams-backend-1  | {"time":"2026-10-01T09:40:46.601812628Z","level":"INFO","msg":"Starting all services","service":"semstreams","version":"dev","pid":1}
semstreams-backend-1  | {"time":"2026-10-01T09:40:46.60225192Z","level":"INFO","msg":"agentrun: MilestoneSubscriber disabled — stream not present","service":"semstreams","version":"dev","pid":1,"stream":"AGENT","hint":"likely no agentic components in this deployment (or the stream isn't created yet at boot); agent.complete/failed milestones will not be processed"}
semstreams-backend-1  | {"time":"2026-10-01T09:40:46.60275442Z","level":"INFO","msg":"Capability discovery initialized","service":"semstreams","version":"dev","pid":1,"node_id":"c360.conformance-beta160-001"}
teamengine-1          | 	Accept=application/json
teamengine-1          | Request: GET http://cs-api-server:8080/controlstreams/c360.semconnect.systems.csapi.controlstream.ptz-01/commands?limit=2
teamengine-1          | 	Accept=application/json
teamengine-1          | Request: GET http://cs-api-server:8080/commands?limit=2
teamengine-1          | 	Accept=application/json
semstreams-backend-1  | {"time":"2026-10-01T09:40:46.603750961Z","level":"INFO","msg":"INFO Created new KV bucket bucket=TEMPORAL_INDEX","service":"semstreams","version":"dev","pid":1}
semstreams-backend-1  | {"time":"2026-10-01T09:40:46.604794003Z","level":"INFO","msg":"INFO Created new KV bucket bucket=SPATIAL_INDEX","service":"semstreams","version":"dev","pid":1}
semstreams-backend-1  | {"time":"2026-10-01T09:40:46.604809545Z","level":"INFO","msg":"INFO Created new KV bucket bucket=OUTGOING_INDEX","service":"semstreams","version":"dev","pid":1}
semstreams-backend-1  | {"time":"2026-10-01T09:40:46.604840086Z","level":"INFO","msg":"INFO Created new KV bucket bucket=ENTITY_STATES","service":"semstreams","version":"dev","pid":1}
teamengine-1          | Request: GET http://cs-api-server:8080/systems/c360.semconnect.systems.csapi.system.weather-station-01/controlstreams?limit=100
teamengine-1          | 	Accept=application/json
teamengine-1          | Request: GET http://cs-api-server:8080/conformance
teamengine-1          | 	Accept=application/json
teamengine-1          | Request: GET http://cs-api-server:8080/controlstreams?limit=2
teamengine-1          | 	Accept=application/json
teamengine-1          | Request: GET http://cs-api-server:8080/controlstream/c360.semconnect.systems.csapi.controlstream.ptz-01/feasibility?limit=2
teamengine-1          | 	Accept=application/json
teamengine-1          | Request: GET http://cs-api-server:8080/feasibility?limit=2
teamengine-1          | 	Accept=application/json
teamengine-1          | Request: GET http://cs-api-server:8080/feasibility/c360.semconnect.systems.csapi.feasibility.ets-ptz-001
teamengine-1          | 	Accept=application/json
teamengine-1          | Request: GET http://cs-api-server:8080/collections?limit=100
teamengine-1          | 	Accept=application/json
teamengine-1          | Request: GET http://cs-api-server:8080/collections/all_feasibility/items?limit=2
teamengine-1          | 	Accept=application/json
teamengine-1          | IUT declares both /conf/feasibility and /conf/controlstream; full-class prerequisite is visible.
teamengine-1          | Request: GET http://cs-api-server:8080/feasibility?limit=2
teamengine-1          | 	Accept=application/json
teamengine-1          | Request: GET http://cs-api-server:8080/feasibility/c360.semconnect.systems.csapi.feasibility.ets-ptz-001/result?limit=2
teamengine-1          | 	Accept=application/json
teamengine-1          | Request: GET http://cs-api-server:8080/feasibility?limit=2
teamengine-1          | 	Accept=application/json
teamengine-1          | Request: GET http://cs-api-server:8080/feasibility/c360.semconnect.systems.csapi.feasibility.ets-ptz-001/status?limit=2
teamengine-1          | 	Accept=application/json
teamengine-1          | Request: GET http://cs-api-server:8080/collections
semstreams-backend-1  | {"time":"2026-10-01T09:40:46.605514503Z","level":"INFO","msg":"query handlers registered","service":"semstreams","version":"dev","pid":1,"component":"graph-index-spatial","subjects":["graph.spatial.query.bounds","graph.spatial.query.polygon"]}
semstreams-backend-1  | {"time":"2026-10-01T09:40:46.606051628Z","level":"INFO","msg":"resource available","service":"semstreams","version":"dev","pid":1,"component":"graph-index-spatial","resource":"ENTITY_STATES","attempt":1}
semstreams-backend-1  | {"time":"2026-10-01T09:40:46.606435336Z","level":"INFO","msg":"INFO Created new KV bucket bucket=INCOMING_INDEX","service":"semstreams","version":"dev","pid":1}
teamengine-1          | 	Accept=application/json
teamengine-1          | Request: GET http://cs-api-server:8080
teamengine-1          | 	Accept=application/json
teamengine-1          | Request: GET http://cs-api-server:8080/systems
teamengine-1          | 	Accept=application/json
semstreams-backend-1  | {"time":"2026-10-01T09:40:46.606473003Z","level":"INFO","msg":"component started","service":"semstreams","version":"dev","pid":1,"component":"graph-index-spatial","component":"graph-index-spatial","start_time":"2026-10-01T09:40:46.606470753Z","geohash_precision":6,"workers":1,"batch_size":50}
semstreams-backend-1  | {"time":"2026-10-01T09:40:46.60656792Z","level":"INFO","msg":"INFO Created new KV bucket bucket=TEMPORAL_INDEX_REVERSE","service":"semstreams","version":"dev","pid":1}
semstreams-backend-1  | {"time":"2026-10-01T09:40:46.606849336Z","level":"INFO","msg":"entity watcher started","service":"semstreams","version":"dev","pid":1,"component":"graph-index-spatial","bucket":"ENTITY_STATES"}
semstreams-backend-1  | {"time":"2026-10-01T09:40:46.607140045Z","level":"INFO","msg":"INFO Created new KV bucket bucket=ENTITY_SUFFIX_INDEX","service":"semstreams","version":"dev","pid":1}
semstreams-backend-1  | {"time":"2026-10-01T09:40:46.607762128Z","level":"INFO","msg":"query handlers registered","service":"semstreams","version":"dev","pid":1,"component":"graph-index-temporal","subjects":["graph.temporal.query.range"]}
semstreams-backend-1  | {"time":"2026-10-01T09:40:46.607962378Z","level":"INFO","msg":"resource available","service":"semstreams","version":"dev","pid":1,"component":"graph-index-temporal","resource":"ENTITY_STATES","attempt":1}
semstreams-backend-1  | {"time":"2026-10-01T09:40:46.608520545Z","level":"INFO","msg":"INFO Created new KV bucket bucket=ALIAS_INDEX","service":"semstreams","version":"dev","pid":1}
semstreams-backend-1  | {"time":"2026-10-01T09:40:46.60826867Z","level":"INFO","msg":"component started","service":"semstreams","version":"dev","pid":1,"component":"graph-index-temporal","component":"graph-index-temporal","start_time":"2026-10-01T09:40:46.608266295Z","time_resolution":"hour","workers":1}
semstreams-backend-1  | {"time":"2026-10-01T09:40:46.609168795Z","level":"INFO","msg":"entity watcher started","service":"semstreams","version":"dev","pid":1,"component":"graph-index-temporal","bucket":"ENTITY_STATES"}
semstreams-backend-1  | {"time":"2026-10-01T09:40:46.609588211Z","level":"INFO","msg":"INFO Created new KV bucket bucket=GRAPH_INGEST_APPLIED_SEQ","service":"semstreams","version":"dev","pid":1}
semstreams-backend-1  | {"time":"2026-10-01T09:40:46.611325086Z","level":"INFO","msg":"INFO Created new KV bucket bucket=PREDICATE_INDEX","service":"semstreams","version":"dev","pid":1}
semstreams-backend-1  | {"time":"2026-10-01T09:40:46.612193795Z","level":"INFO","msg":"INFO Created new KV bucket bucket=GRAPH_STATUS","service":"semstreams","version":"dev","pid":1}
semstreams-backend-1  | {"time":"2026-10-01T09:40:46.612980878Z","level":"INFO","msg":"INFO Created new KV bucket bucket=NAME_INDEX","service":"semstreams","version":"dev","pid":1}
semstreams-backend-1  | {"time":"2026-10-01T09:40:46.613098128Z","level":"INFO","msg":"query handlers registered","service":"semstreams","version":"dev","pid":1,"component":"graph-query","subjects":["graph.query.entity","graph.query.entityByAlias","graph.query.batch","graph.query.relationships","graph.query.pathSearch","graph.query.hierarchyStats","graph.query.prefix","graph.query.spatial","graph.query.temporal","graph.query.semantic","graph.query.similar","graph.query.globalSearch","graph.query.summary","graph.query.searchGraph","graph.query.byName","graph.query.localSearch"]}
semstreams-backend-1  | {"time":"2026-10-01T09:40:46.613155878Z","level":"INFO","msg":"graph-query coordinator started","service":"semstreams","version":"dev","pid":1,"component":"graph-query"}
semstreams-backend-1  | {"time":"2026-10-01T09:40:46.61353267Z","level":"INFO","msg":"query handlers registered","service":"semstreams","version":"dev","pid":1,"component":"graph-ingest","subjects":["graph.ingest.query.entity","graph.ingest.query.batch","graph.ingest.query.prefix","graph.ingest.query.suffix"]}
teamengine-1          | Request: GET http://cs-api-server:8080/systems/c360.semconnect.systems.csapi.system.01/subsystems
teamengine-1          | 	Accept=application/json
teamengine-1          | Request: GET http://cs-api-server:8080/systems/c360.semconnect.systems.csapi.system.hosted-platform-bake-01/subsystems
teamengine-1          | 	Accept=application/json
teamengine-1          | Request: GET http://cs-api-server:8080/systems/c360.semconnect.systems.csapi.system.weather-station-01/subsystems
teamengine-1          | 	Accept=application/json
teamengine-1          | Request: GET http://cs-api-server:8080/systems/c360.semconnect.systems.csapi.system.weather-station-01/subsystems/c360.semconnect.systems.csapi.system.01
teamengine-1          | 	Accept=application/json
teamengine-1          | Request: GET http://cs-api-server:8080/procedures
teamengine-1          | 	Accept=application/json
teamengine-1          | Request: GET http://cs-api-server:8080/procedures/c360.semconnect.systems.csapi.procedure.01
teamengine-1          | 	Accept=application/json
teamengine-1          | Request: GET http://cs-api-server:8080/deployments
teamengine-1          | 	Accept=application/json
teamengine-1          | Request: GET http://cs-api-server:8080/deployments/c360.semconnect.systems.csapi.deployment.01
teamengine-1          | 	Accept=application/json
teamengine-1          | Request: GET http://cs-api-server:8080/conformance
teamengine-1          | 	Accept=application/json
teamengine-1          | Request: GET http://cs-api-server:8080/samplingFeatures
teamengine-1          | 	Accept=application/json
semstreams-backend-1  | {"time":"2026-10-01T09:40:46.613526253Z","level":"WARN","msg":"COMMUNITY_SUMMARIES unavailable; using statistical summaries","service":"semstreams","version":"dev","pid":1,"component":"graph-query","error":"framework bucket \"COMMUNITY_SUMMARIES\" is not ready: its owner (graph-clustering) has not provisioned it in this deployment","retry_interval":5000000000}
semstreams-backend-1  | {"time":"2026-10-01T09:40:46.613660586Z","level":"INFO","msg":"mutation handlers registered","service":"semstreams","version":"dev","pid":1,"component":"graph-ingest","subjects":["graph.mutation.entity.create","graph.mutation.entity.reconcile","graph.mutation.triple.append","graph.mutation.entity.delete"]}
semstreams-backend-1  | {"time":"2026-10-01T09:40:46.61368542Z","level":"INFO","msg":"component started","service":"semstreams","version":"dev","pid":1,"component":"graph-ingest","component":"graph-ingest","start_time":"2026-10-01T09:40:46.613683753Z"}
semstreams-backend-1  | {"time":"2026-10-01T09:40:46.61358042Z","level":"WARN","msg":"community generation unavailable; retrying","service":"semstreams","version":"dev","pid":1,"component":"graph-query","generation":1,"error":"framework bucket \"COMMUNITY_INDEX\" is not ready: its owner (graph-clustering) has not provisioned it in this deployment","retry_interval":5000000000}
semstreams-backend-1  | {"time":"2026-10-01T09:40:46.614820253Z","level":"INFO","msg":"INFO Using existing KV bucket bucket=GRAPH_STATUS","service":"semstreams","version":"dev","pid":1}
teamengine-1          | Request: GET http://cs-api-server:8080/samplingFeatures/c360.semconnect.systems.csapi.samplingfeature.01
teamengine-1          | 	Accept=application/json
teamengine-1          | Request: GET http://cs-api-server:8080/properties
teamengine-1          | 	Accept=application/json
semstreams-backend-1  | {"time":"2026-10-01T09:40:46.615485586Z","level":"INFO","msg":"resource available","service":"semstreams","version":"dev","pid":1,"component":"graph-index","resource":"ENTITY_STATES","attempt":1}
semstreams-backend-1  | {"time":"2026-10-01T09:40:46.615777586Z","level":"INFO","msg":"query handlers registered","service":"semstreams","version":"dev","pid":1,"component":"graph-index","subjects":["graph.index.query.outgoing","graph.index.query.incoming","graph.index.query.alias","graph.index.query.predicate","graph.index.query.predicateList","graph.index.query.predicateStats","graph.index.query.predicateCompound","graph.index.query.byName"]}
semstreams-backend-1  | {"time":"2026-10-01T09:40:46.615790878Z","level":"INFO","msg":"component started","service":"semstreams","version":"dev","pid":1,"component":"graph-index","component":"graph-index","start_time":"2026-10-01T09:40:46.615788961Z"}
semstreams-backend-1  | {"time":"2026-10-01T09:40:46.616014378Z","level":"INFO","msg":"Heartbeat service started","service":"semstreams","version":"dev","pid":1,"source":"heartbeat","interval":"30s"}
semstreams-backend-1  | {"time":"2026-10-01T09:40:46.616036545Z","level":"INFO","msg":"entity watcher started","service":"semstreams","version":"dev","pid":1,"component":"graph-index","bucket":"ENTITY_STATES"}
teamengine-1          | Request: GET http://cs-api-server:8080/properties/c360.semconnect.systems.csapi.property.air-temperature
teamengine-1          | 	Accept=application/json
teamengine-1          | Request: GET http://cs-api-server:8080/conformance
teamengine-1          | 	Accept=application/json
teamengine-1          | Request: GET http://cs-api-server:8080/systems
teamengine-1          | 	Accept=application/geo+json
teamengine-1          | Request: GET http://cs-api-server:8080/systems?limit=1
teamengine-1          | 	Accept=application/json
teamengine-1          | Request: GET http://cs-api-server:8080/systems/c360.semconnect.systems.csapi.system.01
teamengine-1          | 	Accept=application/json
teamengine-1          | Request: GET http://cs-api-server:8080/deployments?limit=1
teamengine-1          | 	Accept=application/geo+json
teamengine-1          | Request: GET http://cs-api-server:8080/procedures?limit=1
teamengine-1          | 	Accept=application/geo+json
semstreams-backend-1  | {"time":"2026-10-01T09:40:46.616037045Z","level":"INFO","msg":"Starting metrics server","service":"semstreams","version":"dev","pid":1,"port":9090,"path":"/metrics"}
semstreams-backend-1  | {"time":"2026-10-01T09:40:46.61801342Z","level":"INFO","msg":"Metrics service started successfully","service":"semstreams","version":"dev","pid":1,"url":"http://localhost:9090/metrics"}
semstreams-backend-1  | {"time":"2026-10-01T09:40:46.618027378Z","level":"INFO","msg":"ComponentManager HTTP handlers registered","service":"semstreams","version":"dev","pid":1,"prefix":"/components/"}
semstreams-backend-1  | {"time":"2026-10-01T09:40:46.618063253Z","level":"INFO","msg":"Manager HTTP server started","service":"semstreams","version":"dev","pid":1,"service":"service-manager-registry","port":8090}
semstreams-backend-1  | {"time":"2026-10-01T09:40:46.618071545Z","level":"INFO","msg":"Manager.StartAll: All services started","service":"semstreams","version":"dev","pid":1,"service":"service-manager-registry","count":4}
semstreams-backend-1  | {"time":"2026-10-01T09:40:46.618075378Z","level":"INFO","msg":"All services started successfully","service":"semstreams","version":"dev","pid":1}
semstreams-backend-1  | {"time":"2026-10-01T09:40:51.614766047Z","level":"WARN","msg":"COMMUNITY_SUMMARIES unavailable; using statistical summaries","service":"semstreams","version":"dev","pid":1,"component":"graph-query","error":"framework bucket \"COMMUNITY_SUMMARIES\" is not ready: its owner (graph-clustering) has not provisioned it in this deployment","retry_interval":5000000000}
semstreams-backend-1  | {"time":"2026-10-01T09:40:51.614760964Z","level":"WARN","msg":"community generation unavailable; retrying","service":"semstreams","version":"dev","pid":1,"component":"graph-query","generation":2,"error":"framework bucket \"COMMUNITY_INDEX\" is not ready: its owner (graph-clustering) has not provisioned it in this deployment","retry_interval":5000000000}
semstreams-backend-1  | {"time":"2026-10-01T09:40:56.615824925Z","level":"WARN","msg":"COMMUNITY_SUMMARIES unavailable; using statistical summaries","service":"semstreams","version":"dev","pid":1,"component":"graph-query","error":"framework bucket \"COMMUNITY_SUMMARIES\" is not ready: its owner (graph-clustering) has not provisioned it in this deployment","retry_interval":5000000000}
semstreams-backend-1  | {"time":"2026-10-01T09:40:56.6160298Z","level":"WARN","msg":"community generation unavailable; retrying","service":"semstreams","version":"dev","pid":1,"component":"graph-query","generation":3,"error":"framework bucket \"COMMUNITY_INDEX\" is not ready: its owner (graph-clustering) has not provisioned it in this deployment","retry_interval":5000000000}
semstreams-backend-1  | {"time":"2026-10-01T09:41:01.61718576Z","level":"WARN","msg":"COMMUNITY_SUMMARIES unavailable; using statistical summaries","service":"semstreams","version":"dev","pid":1,"component":"graph-query","error":"framework bucket \"COMMUNITY_SUMMARIES\" is not ready: its owner (graph-clustering) has not provisioned it in this deployment","retry_interval":5000000000}
semstreams-backend-1  | {"time":"2026-10-01T09:41:01.617189469Z","level":"WARN","msg":"community generation unavailable; retrying","service":"semstreams","version":"dev","pid":1,"component":"graph-query","generation":4,"error":"framework bucket \"COMMUNITY_INDEX\" is not ready: its owner (graph-clustering) has not provisioned it in this deployment","retry_interval":5000000000}
semstreams-backend-1  | {"time":"2026-10-01T09:41:06.618060554Z","level":"WARN","msg":"COMMUNITY_SUMMARIES unavailable; using statistical summaries","service":"semstreams","version":"dev","pid":1,"component":"graph-query","error":"framework bucket \"COMMUNITY_SUMMARIES\" is not ready: its owner (graph-clustering) has not provisioned it in this deployment","retry_interval":5000000000}
semstreams-backend-1  | {"time":"2026-10-01T09:41:06.618070596Z","level":"WARN","msg":"community generation unavailable; retrying","service":"semstreams","version":"dev","pid":1,"component":"graph-query","generation":5,"error":"framework bucket \"COMMUNITY_INDEX\" is not ready: its owner (graph-clustering) has not provisioned it in this deployment","retry_interval":5000000000}
semstreams-backend-1  | {"time":"2026-10-01T09:41:11.619330834Z","level":"WARN","msg":"community generation unavailable; retrying","service":"semstreams","version":"dev","pid":1,"component":"graph-query","generation":6,"error":"framework bucket \"COMMUNITY_INDEX\" is not ready: its owner (graph-clustering) has not provisioned it in this deployment","retry_interval":5000000000}
semstreams-backend-1  | {"time":"2026-10-01T09:41:11.619376667Z","level":"WARN","msg":"COMMUNITY_SUMMARIES unavailable; using statistical summaries","service":"semstreams","version":"dev","pid":1,"component":"graph-query","error":"framework bucket \"COMMUNITY_SUMMARIES\" is not ready: its owner (graph-clustering) has not provisioned it in this deployment","retry_interval":5000000000}
semstreams-backend-1  | {"time":"2026-10-01T09:41:14.519873377Z","level":"ERROR","msg":"query failed","service":"semstreams","version":"dev","pid":1,"component":"graph-query","error":"not found: c360.semconnect.systems.csapi.system.hosted-platform-bake-01_thermometer-bake-01"}
semstreams-backend-1  | {"time":"2026-10-01T09:41:16.620353295Z","level":"WARN","msg":"COMMUNITY_SUMMARIES unavailable; using statistical summaries","service":"semstreams","version":"dev","pid":1,"component":"graph-query","error":"framework bucket \"COMMUNITY_SUMMARIES\" is not ready: its owner (graph-clustering) has not provisioned it in this deployment","retry_interval":5000000000}
semstreams-backend-1  | {"time":"2026-10-01T09:41:16.620380003Z","level":"WARN","msg":"community generation unavailable; retrying","service":"semstreams","version":"dev","pid":1,"component":"graph-query","generation":7,"error":"framework bucket \"COMMUNITY_INDEX\" is not ready: its owner (graph-clustering) has not provisioned it in this deployment","retry_interval":5000000000}
semstreams-backend-1  | {"time":"2026-10-01T09:41:21.621121089Z","level":"WARN","msg":"COMMUNITY_SUMMARIES unavailable; using statistical summaries","service":"semstreams","version":"dev","pid":1,"component":"graph-query","error":"framework bucket \"COMMUNITY_SUMMARIES\" is not ready: its owner (graph-clustering) has not provisioned it in this deployment","retry_interval":5000000000}
semstreams-backend-1  | {"time":"2026-10-01T09:41:21.621182714Z","level":"WARN","msg":"community generation unavailable; retrying","service":"semstreams","version":"dev","pid":1,"component":"graph-query","generation":8,"error":"framework bucket \"COMMUNITY_INDEX\" is not ready: its owner (graph-clustering) has not provisioned it in this deployment","retry_interval":5000000000}
semstreams-backend-1  | {"time":"2026-10-01T09:41:26.621437091Z","level":"WARN","msg":"community generation unavailable; retrying","service":"semstreams","version":"dev","pid":1,"component":"graph-query","generation":9,"error":"framework bucket \"COMMUNITY_INDEX\" is not ready: its owner (graph-clustering) has not provisioned it in this deployment","retry_interval":5000000000}
semstreams-backend-1  | {"time":"2026-10-01T09:41:26.621436966Z","level":"WARN","msg":"COMMUNITY_SUMMARIES unavailable; using statistical summaries","service":"semstreams","version":"dev","pid":1,"component":"graph-query","error":"framework bucket \"COMMUNITY_SUMMARIES\" is not ready: its owner (graph-clustering) has not provisioned it in this deployment","retry_interval":5000000000}
semstreams-backend-1  | {"time":"2026-10-01T09:41:31.623028552Z","level":"WARN","msg":"COMMUNITY_SUMMARIES unavailable; using statistical summaries","service":"semstreams","version":"dev","pid":1,"component":"graph-query","error":"framework bucket \"COMMUNITY_SUMMARIES\" is not ready: its owner (graph-clustering) has not provisioned it in this deployment","retry_interval":5000000000}
semstreams-backend-1  | {"time":"2026-10-01T09:41:31.623151802Z","level":"WARN","msg":"community generation unavailable; retrying","service":"semstreams","version":"dev","pid":1,"component":"graph-query","generation":10,"error":"framework bucket \"COMMUNITY_INDEX\" is not ready: its owner (graph-clustering) has not provisioned it in this deployment","retry_interval":5000000000}
semstreams-backend-1  | {"time":"2026-10-01T09:41:36.624526513Z","level":"WARN","msg":"COMMUNITY_SUMMARIES unavailable; using statistical summaries","service":"semstreams","version":"dev","pid":1,"component":"graph-query","error":"framework bucket \"COMMUNITY_SUMMARIES\" is not ready: its owner (graph-clustering) has not provisioned it in this deployment","retry_interval":5000000000}
semstreams-backend-1  | {"time":"2026-10-01T09:41:36.624583013Z","level":"WARN","msg":"community generation unavailable; retrying","service":"semstreams","version":"dev","pid":1,"component":"graph-query","generation":11,"error":"framework bucket \"COMMUNITY_INDEX\" is not ready: its owner (graph-clustering) has not provisioned it in this deployment","retry_interval":5000000000}
teamengine-1          | Request: GET http://cs-api-server:8080/samplingFeatures?limit=1
teamengine-1          | 	Accept=application/geo+json
teamengine-1          | Request: GET http://cs-api-server:8080/deployments?limit=1
teamengine-1          | 	Accept=application/json
teamengine-1          | Request: GET http://cs-api-server:8080/deployments/c360.semconnect.systems.csapi.deployment.01
teamengine-1          | 	Accept=application/json
teamengine-1          | Request: POST http://cs-api-server:8080/systems
teamengine-1          | 	Accept=application/json
teamengine-1          | 	Content-Type=application/geo+json
teamengine-1          | Request: GET http://cs-api-server:8080/systems/c360.semconnect.systems.csapi.system.a7bd9f73-4e9a-4b8d-af4f-a1b66edf443c
semstreams-backend-1  | {"time":"2026-10-01T09:41:41.627106167Z","level":"WARN","msg":"COMMUNITY_SUMMARIES unavailable; using statistical summaries","service":"semstreams","version":"dev","pid":1,"component":"graph-query","error":"framework bucket \"COMMUNITY_SUMMARIES\" is not ready: its owner (graph-clustering) has not provisioned it in this deployment","retry_interval":5000000000}
semstreams-backend-1  | {"time":"2026-10-01T09:41:41.627111001Z","level":"WARN","msg":"community generation unavailable; retrying","service":"semstreams","version":"dev","pid":1,"component":"graph-query","generation":12,"error":"framework bucket \"COMMUNITY_INDEX\" is not ready: its owner (graph-clustering) has not provisioned it in this deployment","retry_interval":5000000000}
semstreams-backend-1  | {"time":"2026-10-01T09:41:46.62880517Z","level":"WARN","msg":"community generation unavailable; retrying","service":"semstreams","version":"dev","pid":1,"component":"graph-query","generation":13,"error":"framework bucket \"COMMUNITY_INDEX\" is not ready: its owner (graph-clustering) has not provisioned it in this deployment","retry_interval":5000000000}
semstreams-backend-1  | {"time":"2026-10-01T09:41:46.62892967Z","level":"WARN","msg":"COMMUNITY_SUMMARIES unavailable; using statistical summaries","service":"semstreams","version":"dev","pid":1,"component":"graph-query","error":"framework bucket \"COMMUNITY_SUMMARIES\" is not ready: its owner (graph-clustering) has not provisioned it in this deployment","retry_interval":5000000000}
semstreams-backend-1  | {"time":"2026-10-01T09:41:51.629938964Z","level":"WARN","msg":"COMMUNITY_SUMMARIES unavailable; using statistical summaries","service":"semstreams","version":"dev","pid":1,"component":"graph-query","error":"framework bucket \"COMMUNITY_SUMMARIES\" is not ready: its owner (graph-clustering) has not provisioned it in this deployment","retry_interval":5000000000}
semstreams-backend-1  | {"time":"2026-10-01T09:41:51.629939005Z","level":"WARN","msg":"community generation unavailable; retrying","service":"semstreams","version":"dev","pid":1,"component":"graph-query","generation":14,"error":"framework bucket \"COMMUNITY_INDEX\" is not ready: its owner (graph-clustering) has not provisioned it in this deployment","retry_interval":5000000000}
teamengine-1          | 	Accept=application/json
teamengine-1          | Request: DELETE http://cs-api-server:8080/systems/c360.semconnect.systems.csapi.system.a7bd9f73-4e9a-4b8d-af4f-a1b66edf443c
teamengine-1          | 	Accept=application/json
teamengine-1          | Request: GET http://cs-api-server:8080/procedures?limit=1
teamengine-1          | 	Accept=application/json
teamengine-1          | Request: GET http://cs-api-server:8080/procedures/c360.semconnect.systems.csapi.procedure.01
teamengine-1          | 	Accept=application/json
teamengine-1          | Request: GET http://cs-api-server:8080/samplingFeatures?limit=1
teamengine-1          | 	Accept=application/json
semstreams-backend-1  | {"time":"2026-10-01T09:41:56.6314068Z","level":"WARN","msg":"COMMUNITY_SUMMARIES unavailable; using statistical summaries","service":"semstreams","version":"dev","pid":1,"component":"graph-query","error":"framework bucket \"COMMUNITY_SUMMARIES\" is not ready: its owner (graph-clustering) has not provisioned it in this deployment","retry_interval":5000000000}
semstreams-backend-1  | {"time":"2026-10-01T09:41:56.6314623Z","level":"WARN","msg":"community generation unavailable; retrying","service":"semstreams","version":"dev","pid":1,"component":"graph-query","generation":15,"error":"framework bucket \"COMMUNITY_INDEX\" is not ready: its owner (graph-clustering) has not provisioned it in this deployment","retry_interval":5000000000}
semstreams-backend-1  | {"time":"2026-10-01T09:42:01.633839094Z","level":"WARN","msg":"COMMUNITY_SUMMARIES unavailable; using statistical summaries","service":"semstreams","version":"dev","pid":1,"component":"graph-query","error":"framework bucket \"COMMUNITY_SUMMARIES\" is not ready: its owner (graph-clustering) has not provisioned it in this deployment","retry_interval":5000000000}
semstreams-backend-1  | {"time":"2026-10-01T09:42:01.633913594Z","level":"WARN","msg":"community generation unavailable; retrying","service":"semstreams","version":"dev","pid":1,"component":"graph-query","generation":16,"error":"framework bucket \"COMMUNITY_INDEX\" is not ready: its owner (graph-clustering) has not provisioned it in this deployment","retry_interval":5000000000}
semstreams-backend-1  | {"time":"2026-10-01T09:42:06.635630929Z","level":"WARN","msg":"community generation unavailable; retrying","service":"semstreams","version":"dev","pid":1,"component":"graph-query","generation":17,"error":"framework bucket \"COMMUNITY_INDEX\" is not ready: its owner (graph-clustering) has not provisioned it in this deployment","retry_interval":5000000000}
semstreams-backend-1  | {"time":"2026-10-01T09:42:06.635681304Z","level":"WARN","msg":"COMMUNITY_SUMMARIES unavailable; using statistical summaries","service":"semstreams","version":"dev","pid":1,"component":"graph-query","error":"framework bucket \"COMMUNITY_SUMMARIES\" is not ready: its owner (graph-clustering) has not provisioned it in this deployment","retry_interval":5000000000}
semstreams-backend-1  | {"time":"2026-10-01T09:42:11.652849751Z","level":"WARN","msg":"COMMUNITY_SUMMARIES unavailable; using statistical summaries","service":"semstreams","version":"dev","pid":1,"component":"graph-query","error":"framework bucket \"COMMUNITY_SUMMARIES\" is not ready: its owner (graph-clustering) has not provisioned it in this deployment","retry_interval":5000000000}
semstreams-backend-1  | {"time":"2026-10-01T09:42:11.653014917Z","level":"WARN","msg":"community generation unavailable; retrying","service":"semstreams","version":"dev","pid":1,"component":"graph-query","generation":18,"error":"framework bucket \"COMMUNITY_INDEX\" is not ready: its owner (graph-clustering) has not provisioned it in this deployment","retry_interval":5000000000}
semstreams-backend-1  | {"time":"2026-10-01T09:42:16.654024628Z","level":"WARN","msg":"community generation unavailable; retrying","service":"semstreams","version":"dev","pid":1,"component":"graph-query","generation":19,"error":"framework bucket \"COMMUNITY_INDEX\" is not ready: its owner (graph-clustering) has not provisioned it in this deployment","retry_interval":5000000000}
semstreams-backend-1  | {"time":"2026-10-01T09:42:16.654267461Z","level":"WARN","msg":"COMMUNITY_SUMMARIES unavailable; using statistical summaries","service":"semstreams","version":"dev","pid":1,"component":"graph-query","error":"framework bucket \"COMMUNITY_SUMMARIES\" is not ready: its owner (graph-clustering) has not provisioned it in this deployment","retry_interval":5000000000}
semstreams-backend-1  | {"time":"2026-10-01T09:42:21.658233214Z","level":"WARN","msg":"community generation unavailable; retrying","service":"semstreams","version":"dev","pid":1,"component":"graph-query","generation":20,"error":"framework bucket \"COMMUNITY_INDEX\" is not ready: its owner (graph-clustering) has not provisioned it in this deployment","retry_interval":5000000000}
semstreams-backend-1  | {"time":"2026-10-01T09:42:21.658305464Z","level":"WARN","msg":"COMMUNITY_SUMMARIES unavailable; using statistical summaries","service":"semstreams","version":"dev","pid":1,"component":"graph-query","error":"framework bucket \"COMMUNITY_SUMMARIES\" is not ready: its owner (graph-clustering) has not provisioned it in this deployment","retry_interval":5000000000}
semstreams-backend-1  | {"time":"2026-10-01T09:42:26.660886383Z","level":"WARN","msg":"COMMUNITY_SUMMARIES unavailable; using statistical summaries","service":"semstreams","version":"dev","pid":1,"component":"graph-query","error":"framework bucket \"COMMUNITY_SUMMARIES\" is not ready: its owner (graph-clustering) has not provisioned it in this deployment","retry_interval":5000000000}
semstreams-backend-1  | {"time":"2026-10-01T09:42:26.660886425Z","level":"WARN","msg":"community generation unavailable; retrying","service":"semstreams","version":"dev","pid":1,"component":"graph-query","generation":21,"error":"framework bucket \"COMMUNITY_INDEX\" is not ready: its owner (graph-clustering) has not provisioned it in this deployment","retry_interval":5000000000}
teamengine-1          | Request: GET http://cs-api-server:8080/samplingFeatures/c360.semconnect.systems.csapi.samplingfeature.01
teamengine-1          | 	Accept=application/json
teamengine-1          | Request: GET http://cs-api-server:8080/conformance
teamengine-1          | 	Accept=application/json
teamengine-1          | Request: GET http://cs-api-server:8080/systems
semstreams-backend-1  | {"time":"2026-10-01T09:42:31.665121927Z","level":"WARN","msg":"community generation unavailable; retrying","service":"semstreams","version":"dev","pid":1,"component":"graph-query","generation":22,"error":"framework bucket \"COMMUNITY_INDEX\" is not ready: its owner (graph-clustering) has not provisioned it in this deployment","retry_interval":5000000000}
semstreams-backend-1  | {"time":"2026-10-01T09:42:31.665121885Z","level":"WARN","msg":"COMMUNITY_SUMMARIES unavailable; using statistical summaries","service":"semstreams","version":"dev","pid":1,"component":"graph-query","error":"framework bucket \"COMMUNITY_SUMMARIES\" is not ready: its owner (graph-clustering) has not provisioned it in this deployment","retry_interval":5000000000}
semstreams-backend-1  | {"time":"2026-10-01T09:42:36.667779304Z","level":"WARN","msg":"COMMUNITY_SUMMARIES unavailable; using statistical summaries","service":"semstreams","version":"dev","pid":1,"component":"graph-query","error":"framework bucket \"COMMUNITY_SUMMARIES\" is not ready: its owner (graph-clustering) has not provisioned it in this deployment","retry_interval":5000000000}
semstreams-backend-1  | {"time":"2026-10-01T09:42:36.667771179Z","level":"WARN","msg":"community generation unavailable; retrying","service":"semstreams","version":"dev","pid":1,"component":"graph-query","generation":23,"error":"framework bucket \"COMMUNITY_INDEX\" is not ready: its owner (graph-clustering) has not provisioned it in this deployment","retry_interval":5000000000}
semstreams-backend-1  | {"time":"2026-10-01T09:42:41.677979042Z","level":"WARN","msg":"COMMUNITY_SUMMARIES unavailable; using statistical summaries","service":"semstreams","version":"dev","pid":1,"component":"graph-query","error":"framework bucket \"COMMUNITY_SUMMARIES\" is not ready: its owner (graph-clustering) has not provisioned it in this deployment","retry_interval":5000000000}
semstreams-backend-1  | {"time":"2026-10-01T09:42:41.677993834Z","level":"WARN","msg":"community generation unavailable; retrying","service":"semstreams","version":"dev","pid":1,"component":"graph-query","generation":24,"error":"framework bucket \"COMMUNITY_INDEX\" is not ready: its owner (graph-clustering) has not provisioned it in this deployment","retry_interval":5000000000}
semstreams-backend-1  | {"time":"2026-10-01T09:42:46.682403753Z","level":"WARN","msg":"community generation unavailable; retrying","service":"semstreams","version":"dev","pid":1,"component":"graph-query","generation":25,"error":"framework bucket \"COMMUNITY_INDEX\" is not ready: its owner (graph-clustering) has not provisioned it in this deployment","retry_interval":5000000000}
semstreams-backend-1  | {"time":"2026-10-01T09:42:46.682403711Z","level":"WARN","msg":"COMMUNITY_SUMMARIES unavailable; using statistical summaries","service":"semstreams","version":"dev","pid":1,"component":"graph-query","error":"framework bucket \"COMMUNITY_SUMMARIES\" is not ready: its owner (graph-clustering) has not provisioned it in this deployment","retry_interval":5000000000}
semstreams-backend-1  | {"time":"2026-10-01T09:42:51.687389505Z","level":"WARN","msg":"community generation unavailable; retrying","service":"semstreams","version":"dev","pid":1,"component":"graph-query","generation":26,"error":"framework bucket \"COMMUNITY_INDEX\" is not ready: its owner (graph-clustering) has not provisioned it in this deployment","retry_interval":5000000000}
semstreams-backend-1  | {"time":"2026-10-01T09:42:51.687669922Z","level":"WARN","msg":"COMMUNITY_SUMMARIES unavailable; using statistical summaries","service":"semstreams","version":"dev","pid":1,"component":"graph-query","error":"framework bucket \"COMMUNITY_SUMMARIES\" is not ready: its owner (graph-clustering) has not provisioned it in this deployment","retry_interval":5000000000}
semstreams-backend-1  | {"time":"2026-10-01T09:42:56.689671133Z","level":"WARN","msg":"community generation unavailable; retrying","service":"semstreams","version":"dev","pid":1,"component":"graph-query","generation":27,"error":"framework bucket \"COMMUNITY_INDEX\" is not ready: its owner (graph-clustering) has not provisioned it in this deployment","retry_interval":5000000000}
semstreams-backend-1  | {"time":"2026-10-01T09:42:56.689670008Z","level":"WARN","msg":"COMMUNITY_SUMMARIES unavailable; using statistical summaries","service":"semstreams","version":"dev","pid":1,"component":"graph-query","error":"framework bucket \"COMMUNITY_SUMMARIES\" is not ready: its owner (graph-clustering) has not provisioned it in this deployment","retry_interval":5000000000}
semstreams-backend-1  | {"time":"2026-10-01T09:43:01.691307469Z","level":"WARN","msg":"community generation unavailable; retrying","service":"semstreams","version":"dev","pid":1,"component":"graph-query","generation":28,"error":"framework bucket \"COMMUNITY_INDEX\" is not ready: its owner (graph-clustering) has not provisioned it in this deployment","retry_interval":5000000000}
semstreams-backend-1  | {"time":"2026-10-01T09:43:01.691307219Z","level":"WARN","msg":"COMMUNITY_SUMMARIES unavailable; using statistical summaries","service":"semstreams","version":"dev","pid":1,"component":"graph-query","error":"framework bucket \"COMMUNITY_SUMMARIES\" is not ready: its owner (graph-clustering) has not provisioned it in this deployment","retry_interval":5000000000}
semstreams-backend-1  | {"time":"2026-10-01T09:43:06.692229888Z","level":"WARN","msg":"community generation unavailable; retrying","service":"semstreams","version":"dev","pid":1,"component":"graph-query","generation":29,"error":"framework bucket \"COMMUNITY_INDEX\" is not ready: its owner (graph-clustering) has not provisioned it in this deployment","retry_interval":5000000000}
semstreams-backend-1  | {"time":"2026-10-01T09:43:06.692235846Z","level":"WARN","msg":"COMMUNITY_SUMMARIES unavailable; using statistical summaries","service":"semstreams","version":"dev","pid":1,"component":"graph-query","error":"framework bucket \"COMMUNITY_SUMMARIES\" is not ready: its owner (graph-clustering) has not provisioned it in this deployment","retry_interval":5000000000}
semstreams-backend-1  | {"time":"2026-10-01T09:43:11.695009751Z","level":"WARN","msg":"COMMUNITY_SUMMARIES unavailable; using statistical summaries","service":"semstreams","version":"dev","pid":1,"component":"graph-query","error":"framework bucket \"COMMUNITY_SUMMARIES\" is not ready: its owner (graph-clustering) has not provisioned it in this deployment","retry_interval":5000000000}
semstreams-backend-1  | {"time":"2026-10-01T09:43:11.695031084Z","level":"WARN","msg":"community generation unavailable; retrying","service":"semstreams","version":"dev","pid":1,"component":"graph-query","generation":30,"error":"framework bucket \"COMMUNITY_INDEX\" is not ready: its owner (graph-clustering) has not provisioned it in this deployment","retry_interval":5000000000}
semstreams-backend-1  | {"time":"2026-10-01T09:43:16.697638045Z","level":"WARN","msg":"COMMUNITY_SUMMARIES unavailable; using statistical summaries","service":"semstreams","version":"dev","pid":1,"component":"graph-query","error":"framework bucket \"COMMUNITY_SUMMARIES\" is not ready: its owner (graph-clustering) has not provisioned it in this deployment","retry_interval":5000000000}
teamengine-1          | 	Accept=application/sml+json
teamengine-1          | Request: GET http://cs-api-server:8080/systems
teamengine-1          | 	Accept=application/json
teamengine-1          | Request: GET http://cs-api-server:8080/systems/c360.semconnect.systems.csapi.system.01
teamengine-1          | 	Accept=application/json
teamengine-1          | Request: GET http://cs-api-server:8080/systems/c360.semconnect.systems.csapi.system.01
teamengine-1          | 	Accept=application/sml+json
semstreams-backend-1  | {"time":"2026-10-01T09:43:16.697664086Z","level":"WARN","msg":"community generation unavailable; retrying","service":"semstreams","version":"dev","pid":1,"component":"graph-query","generation":31,"error":"framework bucket \"COMMUNITY_INDEX\" is not ready: its owner (graph-clustering) has not provisioned it in this deployment","retry_interval":5000000000}
semstreams-backend-1  | {"time":"2026-10-01T09:43:21.701258964Z","level":"WARN","msg":"COMMUNITY_SUMMARIES unavailable; using statistical summaries","service":"semstreams","version":"dev","pid":1,"component":"graph-query","error":"framework bucket \"COMMUNITY_SUMMARIES\" is not ready: its owner (graph-clustering) has not provisioned it in this deployment","retry_interval":5000000000}
semstreams-backend-1  | {"time":"2026-10-01T09:43:21.70130838Z","level":"WARN","msg":"community generation unavailable; retrying","service":"semstreams","version":"dev","pid":1,"component":"graph-query","generation":32,"error":"framework bucket \"COMMUNITY_INDEX\" is not ready: its owner (graph-clustering) has not provisioned it in this deployment","retry_interval":5000000000}
semstreams-backend-1  | {"time":"2026-10-01T09:43:26.704048508Z","level":"WARN","msg":"COMMUNITY_SUMMARIES unavailable; using statistical summaries","service":"semstreams","version":"dev","pid":1,"component":"graph-query","error":"framework bucket \"COMMUNITY_SUMMARIES\" is not ready: its owner (graph-clustering) has not provisioned it in this deployment","retry_interval":5000000000}
teamengine-1          | Request: GET http://cs-api-server:8080/deployments?limit=1
teamengine-1          | 	Accept=application/json
teamengine-1          | Request: GET http://cs-api-server:8080/deployments/c360.semconnect.systems.csapi.deployment.01
teamengine-1          | 	Accept=application/json
teamengine-1          | Request: GET http://cs-api-server:8080/deployments/c360.semconnect.systems.csapi.deployment.01
teamengine-1          | 	Accept=application/sml+json
teamengine-1          | Deployment SensorML representation source: direct Accept application/sml+json (http://cs-api-server:8080/deployments/c360.semconnect.systems.csapi.deployment.01)
teamengine-1          | Request: GET http://cs-api-server:8080/procedures?limit=1
teamengine-1          | 	Accept=application/json
teamengine-1          | Request: GET http://cs-api-server:8080/procedures/c360.semconnect.systems.csapi.procedure.01
teamengine-1          | 	Accept=application/json
teamengine-1          | Request: GET http://cs-api-server:8080/procedures/c360.semconnect.systems.csapi.procedure.01
teamengine-1          | 	Accept=application/sml+json
teamengine-1          | Procedure SensorML representation source: direct Accept application/sml+json (http://cs-api-server:8080/procedures/c360.semconnect.systems.csapi.procedure.01)
teamengine-1          | Request: GET http://cs-api-server:8080/properties?limit=1
semstreams-backend-1  | {"time":"2026-10-01T09:43:26.704048466Z","level":"WARN","msg":"community generation unavailable; retrying","service":"semstreams","version":"dev","pid":1,"component":"graph-query","generation":33,"error":"framework bucket \"COMMUNITY_INDEX\" is not ready: its owner (graph-clustering) has not provisioned it in this deployment","retry_interval":5000000000}
semstreams-backend-1  | {"time":"2026-10-01T09:43:31.710709844Z","level":"WARN","msg":"COMMUNITY_SUMMARIES unavailable; using statistical summaries","service":"semstreams","version":"dev","pid":1,"component":"graph-query","error":"framework bucket \"COMMUNITY_SUMMARIES\" is not ready: its owner (graph-clustering) has not provisioned it in this deployment","retry_interval":5000000000}
teamengine-1          | 	Accept=application/json
teamengine-1          | Request: GET http://cs-api-server:8080/properties/c360.semconnect.systems.csapi.property.air-temperature
teamengine-1          | 	Accept=application/json
teamengine-1          | Request: GET http://cs-api-server:8080/properties/c360.semconnect.systems.csapi.property.air-temperature
teamengine-1          | 	Accept=application/sml+json
teamengine-1          | Property SensorML representation source: direct Accept application/sml+json (http://cs-api-server:8080/properties/c360.semconnect.systems.csapi.property.air-temperature)
teamengine-1          | Request: GET http://cs-api-server:8080/deployments?limit=1
teamengine-1          | 	Accept=application/json
teamengine-1          | Request: GET http://cs-api-server:8080/deployments/c360.semconnect.systems.csapi.deployment.01
teamengine-1          | 	Accept=application/json
semstreams-backend-1  | {"time":"2026-10-01T09:43:31.71075426Z","level":"WARN","msg":"community generation unavailable; retrying","service":"semstreams","version":"dev","pid":1,"component":"graph-query","generation":34,"error":"framework bucket \"COMMUNITY_INDEX\" is not ready: its owner (graph-clustering) has not provisioned it in this deployment","retry_interval":5000000000}
semstreams-backend-1  | {"time":"2026-10-01T09:43:36.713520054Z","level":"WARN","msg":"COMMUNITY_SUMMARIES unavailable; using statistical summaries","service":"semstreams","version":"dev","pid":1,"component":"graph-query","error":"framework bucket \"COMMUNITY_SUMMARIES\" is not ready: its owner (graph-clustering) has not provisioned it in this deployment","retry_interval":5000000000}
semstreams-backend-1  | {"time":"2026-10-01T09:43:36.713555679Z","level":"WARN","msg":"community generation unavailable; retrying","service":"semstreams","version":"dev","pid":1,"component":"graph-query","generation":35,"error":"framework bucket \"COMMUNITY_INDEX\" is not ready: its owner (graph-clustering) has not provisioned it in this deployment","retry_interval":5000000000}
semstreams-backend-1  | {"time":"2026-10-01T09:43:41.715640792Z","level":"WARN","msg":"COMMUNITY_SUMMARIES unavailable; using statistical summaries","service":"semstreams","version":"dev","pid":1,"component":"graph-query","error":"framework bucket \"COMMUNITY_SUMMARIES\" is not ready: its owner (graph-clustering) has not provisioned it in this deployment","retry_interval":5000000000}
semstreams-backend-1  | {"time":"2026-10-01T09:43:41.715691167Z","level":"WARN","msg":"community generation unavailable; retrying","service":"semstreams","version":"dev","pid":1,"component":"graph-query","generation":36,"error":"framework bucket \"COMMUNITY_INDEX\" is not ready: its owner (graph-clustering) has not provisioned it in this deployment","retry_interval":5000000000}
semstreams-backend-1  | {"time":"2026-10-01T09:43:46.718294045Z","level":"WARN","msg":"COMMUNITY_SUMMARIES unavailable; using statistical summaries","service":"semstreams","version":"dev","pid":1,"component":"graph-query","error":"framework bucket \"COMMUNITY_SUMMARIES\" is not ready: its owner (graph-clustering) has not provisioned it in this deployment","retry_interval":5000000000}
semstreams-backend-1  | {"time":"2026-10-01T09:43:46.718294003Z","level":"WARN","msg":"community generation unavailable; retrying","service":"semstreams","version":"dev","pid":1,"component":"graph-query","generation":37,"error":"framework bucket \"COMMUNITY_INDEX\" is not ready: its owner (graph-clustering) has not provisioned it in this deployment","retry_interval":5000000000}
teamengine-1          | Request: GET http://cs-api-server:8080/deployments/c360.semconnect.systems.csapi.deployment.01
teamengine-1          | 	Accept=application/sml+json
teamengine-1          | Request: POST http://cs-api-server:8080/systems
teamengine-1          | 	Accept=application/json
teamengine-1          | 	Content-Type=application/sml+json
teamengine-1          | Request: GET http://cs-api-server:8080/systems/c360.semconnect.systems.csapi.system.4df2baa3-4639-43bf-acc7-cf30c937a752
semstreams-backend-1  | {"time":"2026-10-01T09:43:51.72421988Z","level":"WARN","msg":"community generation unavailable; retrying","service":"semstreams","version":"dev","pid":1,"component":"graph-query","generation":38,"error":"framework bucket \"COMMUNITY_INDEX\" is not ready: its owner (graph-clustering) has not provisioned it in this deployment","retry_interval":5000000000}
semstreams-backend-1  | {"time":"2026-10-01T09:43:51.724219922Z","level":"WARN","msg":"COMMUNITY_SUMMARIES unavailable; using statistical summaries","service":"semstreams","version":"dev","pid":1,"component":"graph-query","error":"framework bucket \"COMMUNITY_SUMMARIES\" is not ready: its owner (graph-clustering) has not provisioned it in this deployment","retry_interval":5000000000}
semstreams-backend-1  | {"time":"2026-10-01T09:43:56.727427633Z","level":"WARN","msg":"community generation unavailable; retrying","service":"semstreams","version":"dev","pid":1,"component":"graph-query","generation":39,"error":"framework bucket \"COMMUNITY_INDEX\" is not ready: its owner (graph-clustering) has not provisioned it in this deployment","retry_interval":5000000000}
semstreams-backend-1  | {"time":"2026-10-01T09:43:56.7274278Z","level":"WARN","msg":"COMMUNITY_SUMMARIES unavailable; using statistical summaries","service":"semstreams","version":"dev","pid":1,"component":"graph-query","error":"framework bucket \"COMMUNITY_SUMMARIES\" is not ready: its owner (graph-clustering) has not provisioned it in this deployment","retry_interval":5000000000}
semstreams-backend-1  | {"time":"2026-10-01T09:44:01.730327844Z","level":"WARN","msg":"community generation unavailable; retrying","service":"semstreams","version":"dev","pid":1,"component":"graph-query","generation":40,"error":"framework bucket \"COMMUNITY_INDEX\" is not ready: its owner (graph-clustering) has not provisioned it in this deployment","retry_interval":5000000000}
semstreams-backend-1  | {"time":"2026-10-01T09:44:01.730476927Z","level":"WARN","msg":"COMMUNITY_SUMMARIES unavailable; using statistical summaries","service":"semstreams","version":"dev","pid":1,"component":"graph-query","error":"framework bucket \"COMMUNITY_SUMMARIES\" is not ready: its owner (graph-clustering) has not provisioned it in this deployment","retry_interval":5000000000}
semstreams-backend-1  | {"time":"2026-10-01T09:44:06.733378429Z","level":"WARN","msg":"COMMUNITY_SUMMARIES unavailable; using statistical summaries","service":"semstreams","version":"dev","pid":1,"component":"graph-query","error":"framework bucket \"COMMUNITY_SUMMARIES\" is not ready: its owner (graph-clustering) has not provisioned it in this deployment","retry_interval":5000000000}
teamengine-1          | 	Accept=application/json
teamengine-1          | Request: DELETE http://cs-api-server:8080/systems/c360.semconnect.systems.csapi.system.4df2baa3-4639-43bf-acc7-cf30c937a752
teamengine-1          | 	Accept=application/json
teamengine-1          | Request: GET http://cs-api-server:8080/procedures?limit=1
teamengine-1          | 	Accept=application/json
teamengine-1          | Request: GET http://cs-api-server:8080/procedures/c360.semconnect.systems.csapi.procedure.01
teamengine-1          | 	Accept=application/json
teamengine-1          | Request: GET http://cs-api-server:8080/procedures/c360.semconnect.systems.csapi.procedure.01
teamengine-1          | 	Accept=application/sml+json
teamengine-1          | Request: GET http://cs-api-server:8080/conformance
teamengine-1          | 	Accept=application/json
teamengine-1          | Request: GET http://cs-api-server:8080/systems?limit=1
teamengine-1          | 	Accept=application/json
teamengine-1          | Request: GET http://cs-api-server:8080/systems?geom=POLYGON%28%28-180%20-90%2C180%20-90%2C180%2090%2C-180%2090%2C-180%20-90%29%29
teamengine-1          | 	Accept=application/json
teamengine-1          | Request: GET http://cs-api-server:8080/systems?id=c360.semconnect.systems.csapi.system.01
teamengine-1          | 	Accept=application/json
teamengine-1          | Request: GET http://cs-api-server:8080/systems?q=Conformance
teamengine-1          | 	Accept=application/json
teamengine-1          | Request: GET http://cs-api-server:8080/conformance
semstreams-backend-1  | {"time":"2026-10-01T09:44:06.733471179Z","level":"WARN","msg":"community generation unavailable; retrying","service":"semstreams","version":"dev","pid":1,"component":"graph-query","generation":41,"error":"framework bucket \"COMMUNITY_INDEX\" is not ready: its owner (graph-clustering) has not provisioned it in this deployment","retry_interval":5000000000}
semstreams-backend-1  | {"time":"2026-10-01T09:44:11.736822001Z","level":"WARN","msg":"COMMUNITY_SUMMARIES unavailable; using statistical summaries","service":"semstreams","version":"dev","pid":1,"component":"graph-query","error":"framework bucket \"COMMUNITY_SUMMARIES\" is not ready: its owner (graph-clustering) has not provisioned it in this deployment","retry_interval":5000000000}
semstreams-backend-1  | {"time":"2026-10-01T09:44:11.736872334Z","level":"WARN","msg":"community generation unavailable; retrying","service":"semstreams","version":"dev","pid":1,"component":"graph-query","generation":42,"error":"framework bucket \"COMMUNITY_INDEX\" is not ready: its owner (graph-clustering) has not provisioned it in this deployment","retry_interval":5000000000}
teamengine-1          | 	Accept=application/json
teamengine-1          | Request: GET http://cs-api-server:8080/systems?limit=1
semstreams-backend-1  | {"time":"2026-10-01T09:44:16.740268753Z","level":"WARN","msg":"community generation unavailable; retrying","service":"semstreams","version":"dev","pid":1,"component":"graph-query","generation":43,"error":"framework bucket \"COMMUNITY_INDEX\" is not ready: its owner (graph-clustering) has not provisioned it in this deployment","retry_interval":5000000000}
semstreams-backend-1  | {"time":"2026-10-01T09:44:16.740267795Z","level":"WARN","msg":"COMMUNITY_SUMMARIES unavailable; using statistical summaries","service":"semstreams","version":"dev","pid":1,"component":"graph-query","error":"framework bucket \"COMMUNITY_SUMMARIES\" is not ready: its owner (graph-clustering) has not provisioned it in this deployment","retry_interval":5000000000}
semstreams-backend-1  | {"time":"2026-10-01T09:44:21.742048922Z","level":"WARN","msg":"community generation unavailable; retrying","service":"semstreams","version":"dev","pid":1,"component":"graph-query","generation":44,"error":"framework bucket \"COMMUNITY_INDEX\" is not ready: its owner (graph-clustering) has not provisioned it in this deployment","retry_interval":5000000000}
semstreams-backend-1  | {"time":"2026-10-01T09:44:21.742048839Z","level":"WARN","msg":"COMMUNITY_SUMMARIES unavailable; using statistical summaries","service":"semstreams","version":"dev","pid":1,"component":"graph-query","error":"framework bucket \"COMMUNITY_SUMMARIES\" is not ready: its owner (graph-clustering) has not provisioned it in this deployment","retry_interval":5000000000}
semstreams-backend-1  | {"time":"2026-10-01T09:44:26.746645508Z","level":"WARN","msg":"COMMUNITY_SUMMARIES unavailable; using statistical summaries","service":"semstreams","version":"dev","pid":1,"component":"graph-query","error":"framework bucket \"COMMUNITY_SUMMARIES\" is not ready: its owner (graph-clustering) has not provisioned it in this deployment","retry_interval":5000000000}
semstreams-backend-1  | {"time":"2026-10-01T09:44:26.746645466Z","level":"WARN","msg":"community generation unavailable; retrying","service":"semstreams","version":"dev","pid":1,"component":"graph-query","generation":45,"error":"framework bucket \"COMMUNITY_INDEX\" is not ready: its owner (graph-clustering) has not provisioned it in this deployment","retry_interval":5000000000}
teamengine-1          | 	Accept=application/json
teamengine-1          | Request: OPTIONS http://cs-api-server:8080/systems/c360.semconnect.systems.csapi.system.01
semstreams-backend-1  | {"time":"2026-10-01T09:44:31.749829635Z","level":"WARN","msg":"COMMUNITY_SUMMARIES unavailable; using statistical summaries","service":"semstreams","version":"dev","pid":1,"component":"graph-query","error":"framework bucket \"COMMUNITY_SUMMARIES\" is not ready: its owner (graph-clustering) has not provisioned it in this deployment","retry_interval":5000000000}
semstreams-backend-1  | {"time":"2026-10-01T09:44:31.749861135Z","level":"WARN","msg":"community generation unavailable; retrying","service":"semstreams","version":"dev","pid":1,"component":"graph-query","generation":46,"error":"framework bucket \"COMMUNITY_INDEX\" is not ready: its owner (graph-clustering) has not provisioned it in this deployment","retry_interval":5000000000}
teamengine-1          | 	Accept=*/*
teamengine-1          | Request: OPTIONS http://cs-api-server:8080/systems
teamengine-1          | 	Accept=*/*
teamengine-1          | Request: POST http://cs-api-server:8080/systems
teamengine-1          | 	Accept=application/json
teamengine-1          | 	Content-Type=application/json
teamengine-1          | Request: PUT http://cs-api-server:8080/systems/c360.semconnect.systems.csapi.system.7d4f4557-6c9e-4fad-b48a-7ea21b311ecd
teamengine-1          | 	Accept=application/json
teamengine-1          | 	Content-Type=application/json
teamengine-1          | Request: DELETE http://cs-api-server:8080/systems/c360.semconnect.systems.csapi.system.7d4f4557-6c9e-4fad-b48a-7ea21b311ecd
teamengine-1          | 	Accept=application/json
teamengine-1          | Request: GET http://cs-api-server:8080/conformance
teamengine-1          | 	Accept=application/json
teamengine-1          | Request: GET http://cs-api-server:8080/systems?limit=2
teamengine-1          | 	Accept=application/json
teamengine-1          | Request: GET http://cs-api-server:8080/systemEvents?limit=2
semstreams-backend-1  | {"time":"2026-10-01T09:44:36.751944263Z","level":"WARN","msg":"community generation unavailable; retrying","service":"semstreams","version":"dev","pid":1,"component":"graph-query","generation":47,"error":"framework bucket \"COMMUNITY_INDEX\" is not ready: its owner (graph-clustering) has not provisioned it in this deployment","retry_interval":5000000000}
semstreams-backend-1  | {"time":"2026-10-01T09:44:36.752010971Z","level":"WARN","msg":"COMMUNITY_SUMMARIES unavailable; using statistical summaries","service":"semstreams","version":"dev","pid":1,"component":"graph-query","error":"framework bucket \"COMMUNITY_SUMMARIES\" is not ready: its owner (graph-clustering) has not provisioned it in this deployment","retry_interval":5000000000}
teamengine-1          | 	Accept=application/json
teamengine-1          | Request: GET http://cs-api-server:8080/systemEvents/c360.semconnect.systems.csapi.systemevent.00Z
teamengine-1          | 	Accept=application/json
teamengine-1          | Request: GET http://cs-api-server:8080/collections?limit=100
teamengine-1          | 	Accept=application/json
teamengine-1          | Request: GET http://cs-api-server:8080/collections/all_system_events/items?limit=2
teamengine-1          | 	Accept=application/json
teamengine-1          | IUT declares /conf/system-event, /conf/api-common, and Part 1 /conf/system prerequisites.
teamengine-1          | Request: GET http://cs-api-server:8080/systemEvents?limit=2
teamengine-1          | 	Accept=application/json
teamengine-1          | Request: GET http://cs-api-server:8080/systems/c360.semconnect.systems.csapi.system.01/events?limit=2
teamengine-1          | 	Accept=application/json
teamengine-1          | Request: GET http://cs-api-server:8080/conformance
teamengine-1          | 	Accept=application/json
teamengine-1          | IUT declares Part 2 /conf/advanced-filtering and its visible prerequisite classes.
teamengine-1          | Request: GET http://cs-api-server:8080/commands?limit=10
teamengine-1          | 	Accept=application/json
teamengine-1          | Request: GET http://cs-api-server:8080/commands?issueTime=2026-05-19T12%3A00%3A00Z&limit=2
teamengine-1          | 	Accept=application/json
teamengine-1          | Request: GET http://cs-api-server:8080/commands?executionTime=2026-05-19T12%3A01%3A00Z&limit=2
teamengine-1          | 	Accept=application/json
teamengine-1          | Request: GET http://cs-api-server:8080/commands?statusCode=accepted&limit=2
teamengine-1          | 	Accept=application/json
teamengine-1          | Request: GET http://cs-api-server:8080/commands?sender=ets&limit=2
teamengine-1          | 	Accept=application/json
teamengine-1          | Request: GET http://cs-api-server:8080/controlstreams?limit=10
teamengine-1          | 	Accept=application/json
teamengine-1          | Request: GET http://cs-api-server:8080/controlstreams?controlledProperty=http%3A%2F%2Fsensorml.com%2Font%2Fswe%2Fproperty%2FPanAngle&limit=2
teamengine-1          | 	Accept=application/json
teamengine-1          | Request: GET http://cs-api-server:8080/controlstreams?limit=10
teamengine-1          | 	Accept=application/json
teamengine-1          | Request: GET http://cs-api-server:8080/controlstreams?issueTime=2026-06-02T18%3A00%3A00Z&limit=2
teamengine-1          | 	Accept=application/json
teamengine-1          | Request: GET http://cs-api-server:8080/controlstreams?executionTime=2026-06-02T18%3A05%3A00Z&limit=2
teamengine-1          | 	Accept=application/json
teamengine-1          | Request: GET http://cs-api-server:8080/datastreams?limit=10
teamengine-1          | 	Accept=application/json
teamengine-1          | Request: GET http://cs-api-server:8080/datastreams?observedProperty=http%3A%2F%2Fwww.w3.org%2Fns%2Fsosa%2FProperty%2FAirTemperature&limit=2
teamengine-1          | 	Accept=application/json
teamengine-1          | Request: GET http://cs-api-server:8080/datastreams?limit=10
teamengine-1          | 	Accept=application/json
teamengine-1          | Request: GET http://cs-api-server:8080/datastreams?phenomenonTime=2026-06-02T18%3A00%3A00Z&limit=2
teamengine-1          | 	Accept=application/json
teamengine-1          | Request: GET http://cs-api-server:8080/datastreams?resultTime=2026-06-02T18%3A00%3A00Z&limit=2
teamengine-1          | 	Accept=application/json
teamengine-1          | Request: GET http://cs-api-server:8080/observations?limit=10
teamengine-1          | 	Accept=application/json
teamengine-1          | Request: GET http://cs-api-server:8080/observations?phenomenonTime=2026-06-02T18%3A00%3A00Z&limit=2
teamengine-1          | 	Accept=application/json
teamengine-1          | Request: GET http://cs-api-server:8080/observations?resultTime=2026-06-02T18%3A00%3A00Z&limit=2
teamengine-1          | 	Accept=application/json
teamengine-1          | Request: GET http://cs-api-server:8080/systemEvents?limit=10
teamengine-1          | 	Accept=application/json
teamengine-1          | Request: GET http://cs-api-server:8080/systemEvents?eventType=SystemChanged&limit=2
teamengine-1          | 	Accept=application/json
teamengine-1          | SensorML representation source: direct Accept application/sml+json on selected system (http://cs-api-server:8080/systems/c360.semconnect.systems.csapi.system.01)
teamengine-1          | Request: GET http://cs-api-server:8080/conformance
teamengine-1          | 	Accept=application/json
teamengine-1          | Request: GET http://cs-api-server:8080/systems?limit=1
teamengine-1          | 	Accept=application/json
teamengine-1          | Request: OPTIONS http://cs-api-server:8080/systems/c360.semconnect.systems.csapi.system.01
teamengine-1          | 	Accept=*/*
teamengine-1          | Request: GET http://cs-api-server:8080/systems?limit=1
teamengine-1          | 	Accept=application/json
teamengine-1          | Request: OPTIONS http://cs-api-server:8080/systems/c360.semconnect.systems.csapi.system.01
teamengine-1          | 	Accept=*/*
teamengine-1          | Request: POST http://cs-api-server:8080/systems
teamengine-1          | 	Accept=application/json
teamengine-1          | 	Content-Type=application/json
teamengine-1          | Request: PATCH http://cs-api-server:8080/systems/c360.semconnect.systems.csapi.system.b04709c9-a60c-49aa-a783-b2d303ba48b8
teamengine-1          | 	Accept=application/json
teamengine-1          | 	Content-Type=application/json
teamengine-1          | Request: GET http://cs-api-server:8080/systems/c360.semconnect.systems.csapi.system.b04709c9-a60c-49aa-a783-b2d303ba48b8
teamengine-1          | 	Accept=application/json
teamengine-1          | Request: DELETE http://cs-api-server:8080/systems/c360.semconnect.systems.csapi.system.b04709c9-a60c-49aa-a783-b2d303ba48b8
teamengine-1          | 	Accept=application/json
teamengine-1          | Request: GET http://cs-api-server:8080/deployments
teamengine-1          | 	Accept=application/json
teamengine-1          | Request: GET http://cs-api-server:8080/deployments/c360.semconnect.systems.csapi.deployment.01/subdeployments
teamengine-1          | 	Accept=application/json
teamengine-1          | Request: GET http://cs-api-server:8080/deployments/c360.semconnect.systems.csapi.deployment.child01
teamengine-1          | 	Accept=application/json
teamengine-1          | 01-Oct-2026 09:41:13.880 WARNING [http-nio-8080-exec-7] org.apache.catalina.connector.Response.setContentType The encoding ['utf-8'] is not recognised by the JRE
teamengine-1          | 	java.lang.IllegalArgumentException: java.io.UnsupportedEncodingException: The character encoding ['utf-8'] is not supported
teamengine-1          | 		at org.apache.coyote.Response.setCharacterEncoding(Response.java:479)
teamengine-1          | 		at org.apache.catalina.connector.Response.setContentType(Response.java:760)
teamengine-1          | 		at org.apache.catalina.connector.Response.checkSpecialHeader(Response.java:1055)
teamengine-1          | 		at org.apache.catalina.connector.Response.addHeader(Response.java:1037)
teamengine-1          | 		at org.apache.catalina.connector.Response.addHeader(Response.java:1016)
teamengine-1          | 		at org.apache.catalina.connector.ResponseFacade.addHeader(ResponseFacade.java:406)
teamengine-1          | 		at com.sun.jersey.spi.container.servlet.WebComponent$Writer.writeHeaders(WebComponent.java:340)
teamengine-1          | 		at com.sun.jersey.spi.container.servlet.WebComponent$Writer.writeStatusAndHeaders(WebComponent.java:328)
teamengine-1          | 		at com.sun.jersey.spi.container.servlet.WebComponent$Writer.initiate(WebComponent.java:319)
teamengine-1          | 		at com.sun.jersey.spi.container.servlet.WebComponent$Writer.write(WebComponent.java:299)
teamengine-1          | 		at com.sun.jersey.spi.container.ContainerResponse$CommittingOutputStream.write(ContainerResponse.java:135)
teamengine-1          | 		at java.base/sun.nio.cs.StreamEncoder.writeBytes(Unknown Source)
teamengine-1          | 		at java.base/sun.nio.cs.StreamEncoder.implWrite(Unknown Source)
teamengine-1          | 		at java.base/sun.nio.cs.StreamEncoder.implWrite(Unknown Source)
teamengine-1          | 		at java.base/sun.nio.cs.StreamEncoder.write(Unknown Source)
teamengine-1          | 		at java.base/java.io.OutputStreamWriter.write(Unknown Source)
teamengine-1          | 		at java.base/java.io.BufferedWriter.flushBuffer(Unknown Source)
teamengine-1          | 		at java.base/java.io.BufferedWriter.write(Unknown Source)
teamengine-1          | 		at java.base/java.io.Writer.write(Unknown Source)
teamengine-1          | 		at net.sf.saxon.event.XMLEmitter.writeCharSequence(XMLEmitter.java:622)
teamengine-1          | 		at net.sf.saxon.event.XMLEmitter.writeEscape(XMLEmitter.java:715)
teamengine-1          | 		at net.sf.saxon.event.XMLEmitter.writeAttribute(XMLEmitter.java:474)
teamengine-1          | 		at net.sf.saxon.event.XMLEmitter.attribute(XMLEmitter.java:395)
teamengine-1          | 		at net.sf.saxon.event.ProxyReceiver.attribute(ProxyReceiver.java:154)
teamengine-1          | 		at net.sf.saxon.event.ProxyReceiver.attribute(ProxyReceiver.java:154)
teamengine-1          | 		at net.sf.saxon.event.ReceivingContentHandler.startElement(ReceivingContentHandler.java:361)
teamengine-1          | 		at org.apache.xerces.parsers.AbstractSAXParser.startElement(Unknown Source)
teamengine-1          | 		at org.apache.xerces.parsers.AbstractXMLDocumentParser.emptyElement(Unknown Source)
teamengine-1          | 		at org.apache.xerces.impl.XMLNSDocumentScannerImpl.scanStartElement(Unknown Source)
teamengine-1          | 		at org.apache.xerces.impl.XMLDocumentFragmentScannerImpl$FragmentContentDispatcher.dispatch(Unknown Source)
teamengine-1          | 		at org.apache.xerces.impl.XMLDocumentFragmentScannerImpl.scanDocument(Unknown Source)
teamengine-1          | 		at org.apache.xerces.parsers.XML11Configuration.parse(Unknown Source)
teamengine-1          | 		at org.apache.xerces.parsers.XML11Configuration.parse(Unknown Source)
teamengine-1          | 		at org.apache.xerces.parsers.XMLParser.parse(Unknown Source)
teamengine-1          | 		at org.apache.xerces.parsers.AbstractSAXParser.parse(Unknown Source)
teamengine-1          | 		at org.apache.xerces.jaxp.SAXParserImpl$JAXPSAXParser.parse(Unknown Source)
teamengine-1          | 		at net.sf.saxon.event.Sender.sendSAXSource(Sender.java:371)
teamengine-1          | 		at net.sf.saxon.event.Sender.send(Sender.java:164)
teamengine-1          | 		at net.sf.saxon.IdentityTransformer.transform(IdentityTransformer.java:29)
teamengine-1          | 		at com.sun.jersey.core.impl.provider.entity.SourceProvider$SourceWriter.writeTo(SourceProvider.java:208)
teamengine-1          | 		at com.sun.jersey.core.impl.provider.entity.SourceProvider$SourceWriter.writeTo(SourceProvider.java:172)
teamengine-1          | 		at com.sun.jersey.spi.container.ContainerResponse.write(ContainerResponse.java:302)
teamengine-1          | 		at com.sun.jersey.server.impl.application.WebApplicationImpl._handleRequest(WebApplicationImpl.java:1510)
teamengine-1          | 		at com.sun.jersey.server.impl.application.WebApplicationImpl.handleRequest(WebApplicationImpl.java:1419)
teamengine-1          | 		at com.sun.jersey.server.impl.application.WebApplicationImpl.handleRequest(WebApplicationImpl.java:1409)
teamengine-1          | 		at com.sun.jersey.spi.container.servlet.WebComponent.service(WebComponent.java:409)
teamengine-1          | 		at com.sun.jersey.spi.container.servlet.ServletContainer.service(ServletContainer.java:558)
teamengine-1          | 		at com.sun.jersey.spi.container.servlet.ServletContainer.service(ServletContainer.java:733)
teamengine-1          | 		at javax.servlet.http.HttpServlet.service(HttpServlet.java:583)
teamengine-1          | 		at org.apache.catalina.core.ApplicationFilterChain.internalDoFilter(ApplicationFilterChain.java:212)
teamengine-1          | 		at org.apache.catalina.core.ApplicationFilterChain.doFilter(ApplicationFilterChain.java:156)
teamengine-1          | 		at org.apache.tomcat.websocket.server.WsFilter.doFilter(WsFilter.java:51)
teamengine-1          | 		at org.apache.catalina.core.ApplicationFilterChain.internalDoFilter(ApplicationFilterChain.java:181)
teamengine-1          | 		at org.apache.catalina.core.ApplicationFilterChain.doFilter(ApplicationFilterChain.java:156)
teamengine-1          | 		at com.occamlab.te.realm.RestAuthenticationFilter.doFilter(RestAuthenticationFilter.java:72)
teamengine-1          | 		at org.apache.catalina.core.ApplicationFilterChain.internalDoFilter(ApplicationFilterChain.java:181)
teamengine-1          | 		at org.apache.catalina.core.ApplicationFilterChain.doFilter(ApplicationFilterChain.java:156)
teamengine-1          | 		at org.apache.catalina.core.StandardWrapperValve.invoke(StandardWrapperValve.java:168)
teamengine-1          | 		at org.apache.catalina.core.StandardContextValve.invoke(StandardContextValve.java:90)
teamengine-1          | 		at org.apache.catalina.authenticator.AuthenticatorBase.invoke(AuthenticatorBase.java:483)
teamengine-1          | 		at org.apache.catalina.core.StandardHostValve.invoke(StandardHostValve.java:130)
teamengine-1          | 		at org.apache.catalina.valves.ErrorReportValve.invoke(ErrorReportValve.java:93)
teamengine-1          | 		at org.apache.catalina.valves.AbstractAccessLogValve.invoke(AbstractAccessLogValve.java:679)
teamengine-1          | 		at org.apache.catalina.core.StandardEngineValve.invoke(StandardEngineValve.java:74)
teamengine-1          | 		at org.apache.catalina.connector.CoyoteAdapter.service(CoyoteAdapter.java:346)
teamengine-1          | 		at org.apache.coyote.http11.Http11Processor.service(Http11Processor.java:617)
teamengine-1          | 		at org.apache.coyote.AbstractProcessorLight.process(AbstractProcessorLight.java:63)
teamengine-1          | 		at org.apache.coyote.AbstractProtocol$ConnectionHandler.process(AbstractProtocol.java:934)
teamengine-1          | 		at org.apache.tomcat.util.net.NioEndpoint$SocketProcessor.doRun(NioEndpoint.java:1690)
teamengine-1          | 		at org.apache.tomcat.util.net.SocketProcessorBase.run(SocketProcessorBase.java:52)
teamengine-1          | 		at org.apache.tomcat.util.threads.ThreadPoolExecutor.runWorker(ThreadPoolExecutor.java:1191)
teamengine-1          | 		at org.apache.tomcat.util.threads.ThreadPoolExecutor$Worker.run(ThreadPoolExecutor.java:659)
teamengine-1          | 		at org.apache.tomcat.util.threads.TaskThread$WrappingRunnable.run(TaskThread.java:63)
teamengine-1          | 		at java.base/java.lang.Thread.run(Unknown Source)
teamengine-1          | 	Caused by: java.io.UnsupportedEncodingException: The character encoding ['utf-8'] is not supported
teamengine-1          | 		at org.apache.tomcat.util.buf.B2CConverter.getCharsetLower(B2CConverter.java:85)
teamengine-1          | 		at org.apache.tomcat.util.buf.B2CConverter.getCharset(B2CConverter.java:63)
teamengine-1          | 		at org.apache.coyote.Response.setCharacterEncoding(Response.java:477)
teamengine-1          | 		... 73 more
